date;TSLA;AAPL;GOOG;META;NVDA
01.02.2019;20,67466736;37,7937851;52,23305893;135,5361938;3,378888845
01.03.2019;20,02400017;34,02924728;50,74525452;131,6003723;3,174746752
01.04.2019;21,17933273;35,48192978;53,47464752;137,8037872;3,378144979
01.07.2019;22,3306675;35,40294647;53,35877991;137,9036865;3,556986094
01.08.2019;22,35666656;36,07784271;53,75283051;142,3789368;3,468434095
01.09.2019;22,56866646;36,69050217;53,67192459;144,0771332;3,536646128
01.10.2019;22,99799919;36,80777359;53,4556694;144,0471649;3,602379322
01.11.2019;23,15066719;36,44639587;52,7994194;143,6475983;3,69167614
01.14.2019;22,29333305;35,89834595;52,17512894;145,2359009;3,731611013
01.15.2019;22,96199989;36,6330719;53,79627991;148,7921295;3,717472792
01.16.2019;23,06999969;37,08059692;53,98706436;147,3836212;3,691923857
01.17.2019;23,15399933;37,30078125;54,43305588;148,1428223;3,763361454
01.18.2019;20,15066719;37,53052902;54,85058212;149,8809662;3,892593384
01.22.2019;19,9279995;36,68811035;53,46516037;147,4136047;3,690187693
01.23.2019;19,17266655;36,83649826;53,71737289;144,1470642;3,703086138
01.24.2019;19,43400002;36,54452133;53,63396835;145,6754456;3,915165663
01.25.2019;19,80266762;37,75548935;54,48749542;148,852066;3,972464323
01.28.2019;19,75866699;37,40608978;53,4431839;147,3137054;3,423289299
01.29.2019;19,8306675;37,01836777;52,97071838;144,0371704;3,264292002
01.30.2019;20,58466721;39,54801941;54,39110565;150,2605743;3,407910585
01.31.2019;20,46800041;39,83280563;55,75505447;166,5133362;3,565667629
02.01.2019;20,81399918;39,85195541;55,47437286;165,5343781;3,589976549
02.04.2019;20,85933304;40,98394012;56,57561874;169,0706177;3,700357676
02.05.2019;21,42333221;41,68516541;57,23437119;170,9785919;3,719456911
02.06.2019;21,14800072;41,69952393;55,69812012;170,3093109;3,795111179
02.07.2019;20,50066757;40,90975189;54,87305832;166,2036591;3,656701565
02.08.2019;20,38666725;40,95782089;54,69076157;167,1526489;3,675305367
02.11.2019;20,8560009;40,72227859;54,68826675;165,6142731;3,632640839
02.12.2019;20,78733253;41,07320023;56,00476837;164,8650665;3,749718666
02.13.2019;20,54466629;40,90254974;55,94433594;163,8961182;3,792134762
02.14.2019;20,25133324;41,05156708;56,0197525;163,7762299;3,83306241
02.15.2019;20,5253334;40,9602356;55,61920547;162,327774;3,902763844
02.19.2019;20,37599945;41,08280563;55,86442947;162,117981;3,885400057
02.20.2019;20,17066765;41,34719467;55,62669754;162,3876953;3,932776928
02.21.2019;19,41533279;41,11404419;54,7861557;159,8703613;3,863820076
02.22.2019;19,64733315;41,57312393;55,45539474;161,7184143;3,948652029
02.25.2019;19,91799927;41,87594986;55,4069519;164,4455109;3,936249971
02.26.2019;19,85733223;41,8999939;55,69312286;163,9560394;3,89681077
02.27.2019;20,98266792;42,02977753;55,73907471;162,6374359;3,854889631
02.28.2019;21,32533264;41,61637497;55,93235016;161,2788849;3,830308676
03.01.2019;19,65266609;42,05381775;56,98465347;162,1080017;3,88468647
03.04.2019;19,02400017;42,26532364;57,32476807;167,1925964;3,892881393
03.05.2019;18,43600082;42,18841934;58,03546143;171,078476;3,886425018
03.06.2019;18,41600037;41,94565964;57,82719803;172,3271484;3,775434017
03.07.2019;18,43933296;41,46015549;57,10002518;168,9507446;3,706157923
03.08.2019;18,94266701;41,55869675;57,0510788;169,4202423;3,740423203
03.11.2019;19,39466667;42,99838257;58,72117615;171,8876343;4,001140118
03.12.2019;18,89066696;43,48149109;59,59218597;171,7377777;4,03540659
03.13.2019;19,26399994;43,67375946;59,59817886;173,1862488;4,186871052
03.14.2019;19,3306675;44,15926743;59,21012115;169,9896393;4,110889435
03.15.2019;18,36199951;44,73370361;59,15568161;165,8040771;4,216418266
03.18.2019;17,9659996;45,19036865;59,14569473;160,2999268;4,195064545
03.19.2019;17,83133316;44,83224869;59,87436676;161,3987579;4,362916946
03.20.2019;18,23999977;45,22401047;61,12894058;165,2646484;4,3303895
03.21.2019;18,26799965;46,88962555;61,5070076;165,9039764;4,567268848
03.22.2019;17,63533211;45,91862488;60,20648956;164,1658173;4,407362461
03.25.2019;17,36133385;45,36341476;59,5821991;166,113739;4,314993858
03.26.2019;17,85133362;44,89473724;59,1636734;167,5022736;4,391719818
03.27.2019;18,3220005;45,29851913;58,58433533;165,6941986;4,382533073
03.28.2019;18,57466698;45,35861206;58,35808945;165,3745422;4,401155472
03.29.2019;18,65733337;45,65423584;58,59881973;166,5133362;4,458512783
04.01.2019;19,27866745;45,96429443;59,65361786;168,5211945;4,526050091
04.02.2019;19,05866623;46,63246155;59,95627594;174,0153656;4,5439291
04.03.2019;19,45400047;46,95211411;60,22746658;173,3560638;4,683475494
04.04.2019;17,85199928;47,03384781;60,68094635;175,8334351;4,674535751
04.05.2019;18,3306675;47,34869385;60,28889084;175,5337524;4,741329193
04.08.2019;18,21333313;48,09378433;60,12358475;174,7445831;4,762187004
04.09.2019;18,15399933;47,94958115;59,79445648;177,3917847;4,69936657
04.10.2019;18,40399933;48,21875763;60,03968048;177,6315308;4,769884109
04.11.2019;17,89466667;47,817379;60,16253662;177,3218536;4,755978584
04.12.2019;17,84666634;47,79814529;60,82428741;178,9101868;4,717988491
04.15.2019;17,75866699;47,88467026;60,98560333;179,4595795;4,586140156
04.16.2019;18,22400093;47,88947678;61,28675842;178,6804199;4,673293114
04.17.2019;18,08200073;48,82203293;61,74673462;178,5905151;4,650449753
04.18.2019;18,21733284;48,99748611;61,7482338;178,0910492;4,625868797
04.22.2019;17,51666641;49,15851974;62,37102509;181,2476959;4,679749966
04.23.2019;17,59333229;49,86754608;63,15563202;183,5852051;4,734376907
04.24.2019;17,24399948;49,79063034;62,72861862;182,3864899;4,746792316
04.25.2019;16,50866699;49,33877945;63,10069656;193,0551605;4,641014576
04.26.2019;15,67599964;49,10324478;63,5367012;191,2870483;4,422013283
04.29.2019;16,09799957;49,177742;64,30582428;194,5735474;4,452801704
04.30.2019;15,91266727;48,23078156;59,35645676;193,1950073;4,494267464
05.01.2019;15,600667;50,59821701;58,33761215;192,8254089;4,481109142
05.02.2019;16,2733326;50,26893616;58,06442642;192,325943;4,54864645
05.03.2019;17,00200081;50,8938446;59,20262909;195,2628174;4,544177532
05.06.2019;17,02266693;50,1078949;59,40190506;193,6745148;4,465713501
05.07.2019;16,47066689;48,7571373;58,63827515;189,5688629;4,298358917
05.08.2019;16,32266617;48,76675415;58,24721527;189,3390961;4,318470478
05.09.2019;16,13199997;48,24278641;58,05293655;188,4500427;4,225853443
05.10.2019;15,96800041;47,57447433;58,14733124;188,1403809;4,19183588
05.13.2019;15,13399982;44,8094635;56,5371666;181,34758;3,934347391
05.14.2019;15,4873333;45,51880264;55,95832062;180,5384369;4,023488045
05.15.2019;15,46333313;46,06407928;58,14433289;186,0725861;3,962405205
05.16.2019;15,22200012;45,86141968;58,88199615;186,7918091;3,97755146
05.17.2019;14,06866741;45,60083771;58,04894638;185,1036072;3,88667345
05.20.2019;13,69066715;44,17490768;56,8777771;182,5263367;3,767984867
05.21.2019;13,67199993;45,02178574;57,41616058;184,624115;3,850172281
05.22.2019;12,84866714;44,10012054;57,50556183;185,1235809;3,779157877
05.23.2019;13,03266716;43,34733582;56,97366714;180,678299;3,657987118
05.24.2019;12,7086668;43,18086243;56,60908127;180,8680878;3,604105234
05.28.2019;12,57999992;43,00231171;56,64304352;184,1146545;3,558914661
05.29.2019;12,65733337;42,7972374;55,75954819;181,9969025;3,48467207
05.30.2019;12,54800034;43,01920319;55,83396149;182,8160248;3,458073854
05.31.2019;12,34399986;42,23989487;55,11877823;177,2819061;3,367339134
06.03.2019;11,93133259;41,81283569;51,75260925;163,9760132;3,325577021
06.04.2019;12,90666676;43,34251404;52,59265137;167,322464;3,554773092
06.05.2019;13,10599995;44,04220963;52,05176926;167,9917603;3,512016535
06.06.2019;13,72999954;44,68882751;52,15764618;168,1515961;3,574163198
06.07.2019;13,63333321;45,87831116;53,24141312;173,166275;3,616919994
06.10.2019;14,19200039;46,46460342;53,95759964;174,6347198;3,689755201
06.11.2019;14,47333336;47,00265121;53,87469482;177,9112396;3,747427225
06.12.2019;13,95066738;46,85305405;53,79029083;174,8544769;3,634320498
06.13.2019;14,26066685;46,84341049;54,37662125;177,2819061;3,68552947
06.14.2019;14,32800007;46,50321198;54,20581818;181,1378174;3,595541239
06.17.2019;15,00199986;46,78067398;54,56290817;188,8096619;3,60523653
06.18.2019;14,98266697;47,88088226;55,11727905;188,2702484;3,8003757
06.19.2019;15,0953331;47,74094391;55,05385208;187,2812805;3,806341648
06.20.2019;14,64133263;48,12457657;55,50783539;189,3291168;3,830703259
06.21.2019;14,79066658;47,96051025;56,03024292;190,9374084;3,77253437
06.24.2019;14,90933323;47,91225815;55,71260071;192,395874;3,794906616
06.25.2019;14,65066719;47,18602371;54,25576019;188,6398468;3,765573502
06.26.2019;14,61800003;48,20661163;53,92863464;187,4611053;3,958973169
06.27.2019;14,85599995;48,19213486;53,73934555;189,2991486;4,057662487
06.28.2019;14,89733315;47,7530098;53,98406982;192,7954407;4,082520485
07.01.2019;15,14466667;48,62883377;54,83509827;192,7954407;4,130745411
07.02.2019;14,97000027;48,91353607;55,49934387;194,7933197;4,032802582
07.03.2019;15,65999985;49,31888199;56,01525497;196,9909821;4,045729637
07.05.2019;15,53999996;49,27545166;56,51518631;196,1918335;3,983085632
07.08.2019;15,35599995;48,25968552;55,75405502;195,5525055;3,908013582
07.09.2019;15,33733273;48,55404282;56,17757416;198,9988708;3,910499334
07.10.2019;15,92800045;49,03417206;56,95918274;202,5151215;3,97886014
07.11.2019;15,90666676;48,67708588;57,14546967;201,0167084;4,133479595
07.12.2019;16,33866692;49,05106354;57,17993164;204,6528625;4,166541576
07.15.2019;16,89999962;49,51190186;57,45162201;203,6938782;4,158090115
07.16.2019;16,82533264;49,34059525;57,61343765;203,6239471;4,153367043
07.17.2019;16,99066734;49,06313705;57,25234985;201,5861206;4,218745232
07.18.2019;16,90266609;49,62046814;57,2513504;200,5671997;4,230428219
07.19.2019;17,21199989;48,87975311;56,44077301;198,149765;4,187175751
07.22.2019;17,04533386;49,9968605;56,83882141;202,1055756;4,258767605
07.23.2019;17,34466743;50,38772583;57,24535751;202,1455231;4,366654396
07.24.2019;17,65866661;50,34671783;56,82583237;204,4430847;4,44122982
07.25.2019;15,25466728;49,94860458;56,54165649;200,4972687;4,309976101
07.26.2019;15,20266724;50,1223259;62,44943619;199,5382843;4,351986885
07.29.2019;15,71800041;50,59038925;61,90006256;195,7323303;4,34577322
07.30.2019;16,15066719;50,37324905;61,1873703;196,8311462;4,361433506
07.31.2019;16,10733223;51,40108109;60,76485062;194,0241394;4,194134235
08.01.2019;15,59000015;50,28880692;60,38179016;192,5257263;4,099671364
08.02.2019;15,62266731;49,22478104;59,63164139;188,8196564;4,006949902
08.05.2019;15,22133255;46,64797211;57,55051041;181,537384;3,748421431
08.06.2019;15,38333321;47,53103638;58,4310112;184,3144379;3,787201166
08.07.2019;15,5613327;48,02322769;58,63277817;184,9537506;3,825482607
08.08.2019;15,88666725;49,08243179;60,17152786;189,9584503;3,93411541
08.09.2019;15,66733265;48,67796707;59,33298492;187,6509094;3,832692385
08.12.2019;15,26733303;48,55445099;58,66873932;185,1735229;3,764828444
08.13.2019;15,66666698;50,61065674;59,79545593;188,2502594;3,879177094
08.14.2019;14,64133263;49,10422897;58,14833069;179,5195313;3,730522871
08.15.2019;14,3760004;48,85961914;58,29666138;182,3964691;3,698206663
08.16.2019;14,66266727;50,01244354;58,81307602;183,5052948;3,966430902
08.19.2019;15,12199974;50,94488525;59,85438919;185,9726715;4,245343208
08.20.2019;15,05733299;50,94730759;59,06728363;183,6151733;4,173005581
08.21.2019;14,72200012;51,49949646;59,49479675;183,3554535;4,256530762
08.22.2019;14,81000042;51,45590591;59,4088974;181,8470459;4,262744427
08.23.2019;14,09333324;49,07758713;57,49906921;177,5615997;4,038023472
08.26.2019;14,33333302;50,01003265;58,37806702;180,1688385;4,112847328
08.27.2019;14,27200031;49,44572067;58,32562637;181,1078491;4,022114754
08.28.2019;14,37266731;49,77751923;58,48444748;181,5673523;4,011663914
08.29.2019;14,7806673;50,62034607;59,57470703;185,3733215;4,155488014
08.30.2019;15,04066658;50,5549469;59,33747482;185,4732056;4,168177605
09.03.2019;15,00066662;49,81869888;58,35309601;182,1966858;4,085068226
09.04.2019;14,71199989;50,66394424;59,00335693;186,9416504;4,199282169
09.05.2019;15,30533314;51,65448761;60,50015259;190,6976624;4,472500324
09.06.2019;15,16333294;51,64965057;60,17801666;187,2912903;4,445376873
09.09.2019;15,45266724;51,87005615;60,15205002;188,5599365;4,491410732
09.10.2019;15,70266724;52,4827919;60,23145676;185,9726715;4,558097363
09.11.2019;16,47333336;54,15148926;60,93915176;188,2902222;4,586713314
09.12.2019;16,39133263;54,03039932;61,64235687;187,2713013;4,585220337
09.13.2019;16,34666634;52,97929001;61,90755081;186,9916077;4,527242184
09.16.2019;16,18733215;53,25780869;61,49502182;186,0226288;4,484194279
09.17.2019;16,31933212;53,45155334;61,38764572;187,880661;4,50559473
09.18.2019;16,23266792;53,95289612;61,550457;187,9405975;4,478472233
09.19.2019;16,44000053;53,51453018;61,86510086;189,9384766;4,402826309
09.20.2019;16,04133224;52,73224258;61,4265976;189,7286835;4,29707098
09.23.2019;16,08200073;52,97202301;61,63136673;186,621994;4,350571156
09.24.2019;14,88066673;52,72013092;60,86873245;181,0878601;4,293091297
09.25.2019;15,24666691;53,53148651;62,25515747;182,6062622;4,434924603
09.26.2019;16,17066765;53,25539017;61,99894714;179,9190979;4,412779331
09.27.2019;16,1420002;52,99624252;61,18487549;176,9122925;4,273932457
09.30.2019;16,05800056;54,24352264;60,88072205;177,8912506;4,331412315
10.01.2019;16,31266785;54,39367676;60,18651199;175,6236572;4,329671383
10.02.2019;16,20866776;53,03014374;58,76462936;174,4149475;4,305783272
10.03.2019;15,53533268;53,48062134;59,32398987;179,1898804;4,511564732
10.04.2019;15,42866707;54,9797821;60,38129044;180,2587433;4,527988911
10.07.2019;15,84799957;54,99188995;60,31536102;179,4895477;4,586713314
10.08.2019;16,00333214;54,34766388;59,38891983;177,5615997;4,410042286
10.09.2019;16,30200005;54,9846344;60,04716873;179,6593781;4,496636391
10.10.2019;16,31599998;55,72572708;60,36480713;179,8391876;4,554364681
10.11.2019;16,52599907;57,20793152;60,70342255;183,9947815;4,628019333
10.14.2019;17,13066673;57,12559509;60,78782654;183,0857391;4,64145565
10.15.2019;17,19266701;56,99238205;62,07985687;188,6898041;4,886306286
10.16.2019;17,31666756;56,7623024;62,1113205;189,3491058;4,832559109
10.17.2019;17,46466637;56,98269653;62,58228302;190,1882019;4,83454895
10.18.2019;17,12999916;57,25637436;62,20371628;185,6530304;4,739993572
10.21.2019;16,89999962;58,24935913;62,23667526;189,5588684;4,877347469
10.22.2019;17,03866768;58,11615372;62,06936646;182,1467285;4,867395401
10.23.2019;16,97866631;58,89601517;62,8849411;185,9526978;4,854456425
10.24.2019;19,97866631;58,99288177;62,97783279;186,1824646;4,898498535
10.25.2019;21,87533379;59,71946335;63,18460083;187,6908569;5,089601994
10.28.2019;21,84733391;60,31768036;64,42668915;189,1992493;5,145589352
10.29.2019;21,08133316;58,92264938;63,05924225;189,1093445;5,049291611
10.30.2019;21,00066757;58,9153862;62,99281693;188,0504761;5,051281452
10.31.2019;20,99466705;60,24744034;62,93388367;191,4468689;5,002012253
11.01.2019;20,88733292;61,95730972;63,61460876;193,4147797;5,041079044
11.04.2019;21,16466713;62,36418533;64,49510193;194,5136261;5,237905979
11.05.2019;21,14800072;62,27457047;64,52806854;194,1140442;5,215759277
11.06.2019;21,77199936;62,30121994;64,51657867;191,3469849;5,166491032
11.07.2019;22,36933327;63,02025223;65,3686142;190,2181702;5,184157848
11.08.2019;22,47599983;63,19273376;65,49396515;190,6377258;5,170223236
11.11.2019;23,00600052;63,69314575;64,88566589;189,4090424;5,180176258
11.12.2019;23,32866669;63,63483047;64,86618805;194,2638855;5,215759277
11.13.2019;23,0739994;64,24456787;64,82623291;192,9852448;5,189881325
11.14.2019;23,29000092;63,8000145;65,49846649;192,945282;5,220238686
11.15.2019;23,47800064;64,55792999;66,66763306;194,893219;5,080893517
11.18.2019;23,3326664;64,88345337;65,95994568;197,1907654;5,282197475
11.19.2019;23,96800041;64,68667603;65,69824219;199,1087494;5,175448418
11.20.2019;23,48133278;63,9336319;65,07843781;197,3006592;5,254825592
11.21.2019;23,65533257;63,64698792;64,9935379;197,7202148;5,229942799
11.22.2019;22,20266724;63,59111786;64,69338226;198,6092834;5,247610569
11.25.2019;22,42266655;64,70610046;65,26023865;199,5782318;5,504403591
11.26.2019;21,9279995;64,20084381;65,60284424;198,7591095;5,399646282
11.27.2019;22,08600044;65,06319427;65,57487488;201,7859039;5,434508324
11.29.2019;21,99600029;64,91986847;65,17383575;201,4262848;5,397155762
12.02.2019;22,32466698;64,16926575;64,42269135;199,4883423;5,210643768
12.03.2019;22,41333389;63,0251236;64,69038391;198,6092834;5,171050549
12.04.2019;22,20199966;63,58139801;65,95195007;198,4993896;5,214876175
12.05.2019;22,02466774;64,5141983;66,33101654;199,1486969;5,197944164
12.06.2019;22,39266777;65,76038361;66,95480347;200,8369141;5,28335619
12.09.2019;22,63533211;64,83972931;67,10164642;201,1266022;5,28335619
12.10.2019;23,25600052;65,21867371;67,15657806;200,6570892;5,328427792
12.11.2019;23,51333237;65,77494049;67,17456055;202,0456238;5,4120965
12.12.2019;23,97866631;65,94256592;67,43675995;196,5414734;5,579683781
12.13.2019;23,89266777;66,83892059;67,31490326;193,9042664;5,577692509
12.16.2019;25,43333244;67,98307037;67,98114014;197,7102203;5,606577873
12.17.2019;25,26600075;68,11667633;67,67897797;198,1797333;5,684767723
12.18.2019;26,20999908;67,95391083;67,55412292;202,2853699;5,715148449
12.19.2019;26,93600082;68,02193451;67,72493744;205,8415985;5,863312244
12.20.2019;27,03933334;67,88106537;67,40280151;206,0813446;5,96067667
12.23.2019;27,94799995;68,98875427;67,36534119;205,9614716;5,946982384
12.24.2019;28,35000038;69,05434418;67,10164642;204,9025879;5,942000866
12.26.2019;28,72933388;70,42440033;67,94268036;207,5697632;5,956195354
12.27.2019;28,69199944;70,39766693;67,51766205;207,8794403;5,898423672
12.30.2019;27,64666748;70,81548309;66,73106384;204,1933441;5,785120964
12.31.2019;27,88866615;71,33292389;66,77500916;205,0324554;5,859327316
01.02.2020;28,68400002;72,96045685;68,29078674;209,5576477;5,974123955
01.03.2020;29,5340004;72,25112915;67,95566559;208,4488373;5,878501415
01.06.2020;30,10266685;72,82686615;69,63126373;212,3746796;5,903153896
01.07.2020;31,27066612;72,48434448;69,58781433;212,8341827;5,97462225
01.08.2020;32,8093338;73,65032959;70,13619232;214,9918976;5,985826969
01.09.2020;32,08933258;75,2147522;70,91080475;218,068634;6,051567078
01.10.2020;31,87666702;75,38479614;71,40525055;217,8288727;6,083940029
01.13.2020;34,99066544;76,99531555;71,87970734;221,6748047;6,274686337
01.14.2020;35,86133194;75,9556427;71,462677;218,8278198;6,15764904
01.15.2020;34,56666565;75,63013458;71,87820435;220,9156036;6,115066528
01.16.2020;34,23266602;76,57752228;72,50249481;221,5349579;6,198734283
01.17.2020;34,03333282;77,42530823;73,93536377;221,9045563;6,207451344
01.21.2020;36,47999954;76,90060425;74,13563538;221,205307;6,174083233
01.22.2020;37,97066879;77,17507935;74,21305084;221,085434;6,228119373
01.23.2020;38,14666748;77,54676819;74,24800873;219,5270691;6,296598911
01.24.2020;37,6546669;77,32327271;73,25214386;217,7090149;6,237332821
01.27.2020;37,20133209;75,04956055;71,61351013;214,6422577;5,981345177
01.28.2020;37,79333115;77,17267609;72,5454483;217,5591583;6,174829006
01.29.2020;38,73266602;78,78807831;72,84860229;222,9933929;6,114319801
01.30.2020;42,72066879;78,67389679;72,70925903;209,3079224;6,121043682
01.31.2020;43,37133408;75,18556976;71,62998962;201,6959991;5,887466908
02.03.2020;52;74,97910309;74,2125473;203,973587;5,984582424
02.04.2020;59,13733292;77,45445251;72,27125549;209,607605;6,153912544
02.05.2020;48,97999954;78,08602142;72,32919312;209,8873138;6,244305134
02.06.2020;49,93066788;78,99940491;73,7276001;210,6265259;6,331211567
02.07.2020;49,87133408;77,92559814;73,87743378;212,10495;6,264974117
02.10.2020;51,41866684;78,29571533;75,34825897;212,8341827;6,548353672
02.11.2020;51,62533188;77,82331848;75,35375214;206,9703979;6,670868874
02.12.2020;51,152668;79,67145538;75,82720947;210,5366058;6,786660671
02.13.2020;53,59999847;79,10412598;75,64691925;212,914093;6,742833138
02.14.2020;53,33533478;79,12358093;75,95057678;213,9529877;7,216212273
02.18.2020;57,2266655;77,67480469;75,89713287;217,5691528;7,385045052
02.19.2020;61,16133118;78,79973602;76,24773407;217,259491;7,836509228
02.20.2020;59,96066666;77,99133301;75,8212204;214,3525696;7,687099934
02.21.2020;60,06666565;76,22599792;74,1710968;209,9572296;7,322790146
02.24.2020;55,58599854;72,60523224;70,998703;200,5072632;6,805087566
02.25.2020;53,32733154;70,14592743;69,34358978;196,5614471;6,525444031
02.26.2020;51,91999817;71,25869751;69,57981873;196,9909821;6,664892197
02.27.2020;45,26666641;66,60064697;65,82958984;189,5488892;6,293886185
02.28.2020;44,53266525;66,56169891;66,89038086;192,2660065;6,729176521
03.02.2020;49,57466888;72,75865173;69,37654877;196,2317963;6,887644768
03.03.2020;49,70066833;70,44785309;66,99327087;185,6929779;6,625025749
03.04.2020;49,96666718;73,71557617;69,24720001;191,5567474;7,088969231
03.05.2020;48,30266571;71,32445526;65,87703705;184,9737396;6,809408188
03.06.2020;46,89866638;70,37726593;64,84671021;180,898056;6,628762722
03.09.2020;40,53333282;64,81097412;60,70891571;169,320343;6,115484715
03.10.2020;43,02199936;69,47877502;63,94673157;178,0011444;6,505177975
03.11.2020;42,2820015;67,0657196;60,70142365;170,0595703;6,141149044
03.12.2020;37,36999893;60,44267273;55,68213654;154,3062744;5,389670849
03.13.2020;36,44133377;67,68419647;60,91717911;170,0995178;6,000869751
03.16.2020;29,67133331;58,97683716;54,15487289;145,8552399;4,893583298
03.17.2020;28,68000031;61,57005692;55,92636108;149,2616272;5,413589954
03.18.2020;24,08133316;60,06282425;54,77766418;146,804245;5,053547382
03.19.2020;28,50933266;59,60262299;55,70111465;152,9676971;5,306447983
03.20.2020;28,50200081;55,81871414;53,55505753;149,5713043;5,126553535
03.23.2020;28,95266724;54,63288879;52,77095032;147,9430389;5,299471378
03.24.2020;33,66666794;60,11395645;56,65852356;160,8093719;6,208672047
03.25.2020;35,95000076;59,78281021;55,06184387;156,0444489;6,119969368
03.26.2020;35,21066666;62,92876053;58,02147675;163,1668701;6,409499168
03.27.2020;34,29066849;60,32336426;55,47237396;156,6238098;6,29712677
03.30.2020;33,47533417;62,04487228;57,27582169;165,7741089;6,61755085
03.31.2020;34,93333435;61,91825485;58,0744133;166,6232147;6,567967415
04.01.2020;32,10400009;58,66028595;55,21816254;159,4308472;6,056433201
04.02.2020;30,29800034;59,6391449;55,97829819;158,0223389;6,3653965
04.03.2020;32,00066757;58,78205109;54,831604;154,0165863;6,077363968
04.06.2020;34,41600037;63,91003799;59,27854538;165,3745422;6,68756628
04.07.2020;36,36333466;63,16981506;59,25806808;168,651062;6,454099178
04.08.2020;36,58933258;64,78659821;60,44521713;174,0952759;6,651437283
04.09.2020;38,20000076;65,25413513;60,50364685;175,0043182;6,551771641
04.13.2020;43,39666748;66,53491211;60,80879974;174,6047363;6,723694801
04.14.2020;47,32600021;69,8951416;63,38936234;177,9811554;7,075016499
04.15.2020;48,65533447;69,25717926;63,05175018;176,7824249;6,997526646
04.16.2020;49,68066788;69,80747986;63,1016922;176,0632019;7,342867851
04.17.2020;50,25933456;68,86029053;64,08956909;179,0500336;7,283566952
04.20.2020;49,75733185;67,43096924;63,2585144;178,0510864;7,152257442
04.21.2020;45,78133392;65,34664154;60,7478714;170,6189728;6,715221882
04.22.2020;48,8073349;67,22888947;63,08870697;182,0868073;7,129833221
04.23.2020;47,04199982;66,96833801;63,74296188;184,9337921;7,076510906
04.24.2020;48,3433342;68,90169525;63,89279175;189,8685608;7,215544701
04.27.2020;53,25;68,95038605;63,72148514;187,3012695;7,402168751
04.28.2020;51,27466583;67,83273315;61,61338425;182,7161407;7,259646893
04.29.2020;53,36733246;70,06072235;66,99775696;193,9841766;7,436553955
04.30.2020;52,12533188;71,53871918;67,35635376;204,493042;7,282569885
05.01.2020;46,75466537;70,38700104;65,95544434;202,0556183;7,045863628
05.04.2020;50,74599838;71,38288879;66,2645874;205,0424347;7,257902622
05.05.2020;51,2140007;72,45425415;67,47870636;206,8505402;7,318948269
05.06.2020;52,17200089;73,20180511;67,28842926;208,2490387;7,419858932
05.07.2020;52,00266647;73,95905304;68,54999542;211,036087;7,596268654
05.08.2020;54,62799835;75,71942139;69,33959961;212,124939;7,786379337
05.11.2020;54,08599854;76,91088104;70,08325195;212,9540405;8,038532257
05.12.2020;53,96066666;76,03194427;68,70881653;209,8773193;7,776412964
05.13.2020;52,73066711;75,11391449;67,38981628;204,8826294;7,753988266
05.14.2020;53,55533218;75,57536316;67,72943115;206,5908051;8,003650665
05.15.2020;53,27799988;75,12854767;68,58145905;210,6564941;8,462361336
05.18.2020;54,24200058;76,89865875;69,11834717;212,9640503;8,720993996
05.19.2020;53,86733246;76,45432281;68,59619141;216,6501312;8,776060104
05.20.2020;54,3706665;77,94120026;70,25605011;229,7262573;8,940011024
05.21.2020;55,17333221;77,36013031;70,06027222;231,1447449;8,745913506
05.22.2020;54,45866776;77,85820007;70,44084167;234,661026;8,996070862
05.26.2020;54,59133148;77,33082581;70,77046204;231,9538879;8,688603401
05.27.2020;54,68199921;77,66776276;70,81141663;228,8971405;8,496746063
05.28.2020;53,72066879;77,70194244;70,75598145;225,2210388;8,458623886
05.29.2020;55,66666794;77,62624359;71,36479187;224,8514252;8,845827103
06.01.2020;59,87333298;78,5809021;71,5096283;231,6641998;8,776806831
06.02.2020;58,77066803;78,94468689;71,8792038;232,4733429;8,795742989
06.03.2020;58,86399841;79,37928772;71,73736572;229,9160614;8,740179062
06.04.2020;57,62533188;78,69564819;70,52873993;226,0501556;8,741178513
06.05.2020;59,04399872;80,93697357;71,8377533;230,5254059;8,894235611
06.08.2020;63,32799911;81,41552734;72,24828339;231,1547394;8,779566765
06.09.2020;62,71133423;83,98644257;72,72524261;238,417038;9,019867897
06.10.2020;68,33666992;86,14722443;73,209198;236,4790955;9,339694977
06.11.2020;64,85600281;82,01126862;70,11221313;224,1921234;8,770841599
06.12.2020;62,35200119;82,71930695;70,57868195;228,337738;8,906697273
06.15.2020;66,05999756;83,74230957;70,9118042;232,2535706;9,147251129
06.16.2020;65,47533417;85,96166992;72,05400848;235,400238;9,042304039
06.17.2020;66,11933136;85,84202576;72,473526;235,280365;9,209321022
06.18.2020;66,93066406;85,8762207;71,71638489;235,6899261;9,191373825
06.19.2020;66,72666931;85,38547516;71,50463104;238,5368958;9,234498024
06.22.2020;66,28800201;87,61948395;72,51049042;238,9664612;9,499232292
06.23.2020;66,78533173;89,48968506;73,13726807;241,9832611;9,422702789
06.24.2020;64,05666351;87,91002655;71,51712036;233,7719727;9,208823204
06.25.2020;65,73200226;89,07706451;71,98458099;235,430191;9,462585449
06.26.2020;63,98266602;86,34008789;67,91771698;215,8509827;9,128556252
06.29.2020;67,29000092;88,32996368;69,66921997;220,4061432;9,173425674
06.30.2020;71,98733521;89,06729126;70,60015869;226,8293457;9,470316887
07.01.2020;74,64199829;88,89884186;71,82027435;237,298233;9,502473831
07.02.2020;80,57733154;88,89884186;73,15175629;233,1725922;9,584483147
07.06.2020;91,4386673;91,27689362;74,69999695;240,0253296;9,810827255
07.07.2020;92,65733337;90,9936676;74,17459869;240,6047211;9,843234062
07.08.2020;91,05867004;93,11293793;74,71498108;243,3218384;10,18649006
07.09.2020;92,95200348;93,51335144;75,46362305;244,24086;10,47864342
07.10.2020;102,9766693;93,67693329;76,99937439;244,810257;10,44897938
07.13.2020;99,80400085;93,24477386;75,48110962;238,7466888;10,02321243
07.14.2020;101,1200027;94,78782654;75,94258118;239,4759064;10,34702492
07.15.2020;103,0673294;95,43971252;75,59597778;240,0253296;10,19770622
07.16.2020;100,0426636;94,26534271;75,81372833;240,6746368;10,10547447
07.17.2020;100,0559998;94,0749054;75,69136047;241,773468;10,17203236
07.20.2020;109,5333328;96,05741882;78,19702148;245,1598816;10,48038864
07.21.2020;104,5573349;94,73165894;77,83242798;241,4937744;10,298666
07.22.2020;106,1553345;94,99777985;78,33535767;239,6157532;10,40859795
07.23.2020;100,8713303;90,67383575;75,69785309;232,3534698;10,10049057
07.24.2020;94,46666718;90,44921875;75,50757599;230,4654846;10,16505241
07.27.2020;102,6399994;92,59285736;76,42303467;233,2525177;10,39139652
07.28.2020;98,43267059;91,07180023;74,93173218;229,8760986;10,18599033
07.29.2020;99,9406662;92,81749725;76,01449585;233,0427246;10,43526936
07.30.2020;99,16600037;93,94063568;76,485466;234,2514496;10,58334255
07.31.2020;95,38400269;103,7751236;74,0637207;253,4011383;10,58408833
08.03.2020;99;106,3900146;73,63870239;251,6929626;10,97844601
08.04.2020;99,1333313;107,100502;73,16523743;249,5652161;11,19531727
08.05.2020;99,00133514;107,4887009;73,59674835;248,855957;11,25414944
08.06.2020;99,305336;111,2389145;74,91973877;264,9988403;11,30275822
08.07.2020;96,84733582;108,7098083;74,63956451;268,1554871;11,1671505
08.10.2020;94,57133484;110,2898788;74,7199707;262,7212524;11,1327486
08.11.2020;91,62599945;107,0098801;73,93186951;255,8585358;10,81866074
08.12.2020;103,6506653;110,5662842;75,24537659;259,614563;11,40720367
08.13.2020;108,0666656;112,5230179;75,83620453;261,0230408;11,4099474
08.14.2020;110,0473328;112,4227448;75,30081177;260,9631042;11,53059673
08.17.2020;122,3759995;112,1292114;75,81272888;260,8832092;12,30136395
08.18.2020;125,8059998;113,0635757;77,84142303;262,0619507;12,22533512
08.19.2020;125,2353363;113,2054443;77,28855133;262,311676;12,10343933
08.20.2020;133,4553375;115,7174149;78,99760437;268,724884;12,10592842
08.21.2020;136,665329;121,6806259;78,93118286;266,7270203;12,64686298
08.24.2020;134,2799988;123,1359558;79,3197403;271,102356;12,68350887
08.25.2020;134,889328;122,1257706;80,31960297;280,5223694;12,71317005
08.26.2020;143,5446625;123,7865829;82,52509308;303,5878906;12,73610401
08.27.2020;149,25;122,3067703;81,62361908;292,9092102;12,59177208
08.28.2020;147,5599976;122,1086502;82,12703705;293,3487549;13,10977268
08.31.2020;166,1066742;126,249649;81,61612701;292,8892517;13,33586788
09.01.2020;158,3500061;131,2785034;82,94111633;295,1268616;13,78519917
09.02.2020;149,1233368;128,5585785;86,31578064;302,1793823;14,30934048
09.03.2020;135,6666718;118,2660828;81,99869537;290,8114319;12,98178673
09.04.2020;139,4400024;118,3443527;79,46157837;282,4303589;12,5898056
09.08.2020;110,0699997;110,3803864;76,53240967;270,8725891;11,88214302
09.09.2020;122,0933304;114,7830734;77,75951385;273,4299011;12,68206692
09.10.2020;123,7799988;111,0358734;76,51393127;267,8058472;12,27985859
09.11.2020;124,2399979;109,578125;75,94957733;266,3274231;12,13299179
09.14.2020;139,8733368;112,865448;75,87765503;265,8678894;12,83890915
09.15.2020;149,9199982;113,0415649;76,98439026;272,1312866;12,95735264
09.16.2020;147,2533264;109,7052994;75,95855713;263,2406921;12,48208427
09.17.2020;141,1433258;107,95401;74,6914978;254,5499268;12,43121624
09.18.2020;147,3833313;104,5296783;72,91651917;252,2623444;12,15767765
09.21.2020;149,7966614;107,6996384;71,47666168;247,8869781;12,484828
09.22.2020;141,4100037;109,3922272;73,18971252;254,4799957;12,60501289
09.23.2020;126,7866669;104,8036499;70,68006897;248,756073;12,09234715
09.24.2020;129,2633362;105,8798447;71,33332062;249,2655182;12,3160162
09.25.2020;135,7799988;109,8520432;72,1658783;254,5499268;12,84040546
09.28.2020;140,3999939;112,4740982;73,14276123;256,547821;13,00123692
09.29.2020;139,6900024;111,6229172;73,38299561;261,5125427;13,19149399
09.30.2020;143,0033264;113,3057098;73,39648438;261,622406;13,49545288
10.01.2020;149,386673;114,264534;74,41981506;266,3474121;13,57923508
10.02.2020;138,363327;110,5760574;72,83811188;259,6644897;13,02841759
10.05.2020;141,8933258;113,9808044;74,2165451;264,3695068;13,60716343
10.06.2020;137,9933319;110,7130356;72,58939362;258,3858643;13,7009182
10.07.2020;141,7666626;112,5914993;72,93151093;257,846405;13,92782974
10.08.2020;141,9733276;112,4838943;74,21205139;263,4804382;13,80290413
10.09.2020;144,6666718;114,4406433;75,67488861;264,1697388;13,72709846
10.12.2020;147,4333344;121,7099762;78,36831665;275,4577332;14,18914986
10.13.2020;148,8833313;118,4813385;78,49467468;275,8473511;14,21134281
10.14.2020;153,7666626;118,569397;78,31488037;271,5319214;14,05874062
10.15.2020;149,6266632;118,099762;77,8678894;266,4373169;13,933815
10.16.2020;146,5566711;116,446312;78,56109619;265,6481323;13,77572441
10.19.2020;143,6100006;113,4720459;76,64328003;261,1229248;13,46278763
10.20.2020;140,6466675;114,968956;77,70807648;267,2764282;13,61015606
10.21.2020;140,8800049;114,342804;79,57494354;278,4346008;13,48971748
10.22.2020;141,9299927;113,2470169;80,67469788;277,8252258;13,32639408
10.23.2020;140,2100067;112,5523682;81,95674133;284,4881592;13,55504894
10.26.2020;140,093338;112,5621567;79,43210602;276,8162842;13,10721397
10.27.2020;141,5599976;114,0786514;80,12182617;282,9897461;13,36205006
10.28.2020;135,3399963;108,7954025;75,74480438;267,386322;12,59429169
10.29.2020;136,9433289;112,8263168;78,27292633;280,5323486;12,9902668
10.30.2020;129,3466644;106,5060043;80,95837402;262,8311157;12,50153255
11.02.2020;133,5033264;106,4179688;81,20908356;261,0829773;12,54816341
11.03.2020;141,3000031;108,0518341;82,4167099;265,0187988;12,9857769
11.04.2020;140,3266602;112,4643326;87,35708618;287,0754089;13,75852108
11.05.2020;146,0299988;116,4560928;88,06828308;294,3676758;14,12332344
11.06.2020;143,3166656;116,3237991;87,98737335;293,0990295;14,52427864
11.09.2020;140,4199982;114,0010376;88,04980469;278,4745178;13,59544373
11.10.2020;136,7866669;113,6580124;86,92058563;272,1412354;12,73692417
11.11.2020;139,043335;117,1078491;87,53588867;276,1869812;13,38324451
11.12.2020;137,2533264;116,8334122;87,39254761;274,7884216;13,42189598
11.13.2020;136,1666718;116,8824158;88,75000763;276,6564636;13,26255703
11.16.2020;136,0299988;117,9016876;88,96775818;278,6643372;13,48024273
11.17.2020;147,2033386;117,0098267;88,4068985;274,7085266;13,3874836
11.18.2020;162,2133331;115,6769409;87,23972321;271,6817322;13,39396954
11.19.2020;166,4233398;116,2747726;88,0957489;272,6507263;13,40543747
11.20.2020;163,2033386;115,0007019;87,01048279;269,4141541;13,05384827
11.23.2020;173,9499969;111,5802765;86,64440155;268,1454773;13,10596561
11.24.2020;185,1266632;112,8739471;88,34346771;276,6264954;12,92418861
11.25.2020;191,3333282;113,7168198;88,4708252;275,2979126;13,20047092
11.27.2020;195,2533264;114,2656479;89,55758667;277,515564;13,22689915
11.30.2020;189,1999969;116,6766129;87,93693542;276,6764526;13,36678696
12.01.2020;194,9199982;120,2734528;89,80281067;286,2462769;13,35531616
12.02.2020;189,6066742;120,6262817;91,29360962;287,2152405;13,50941753
12.03.2020;197,793335;120,4890747;91,23468018;281,5512695;13,36524773
12.04.2020;199,6799927;119,8128052;91,29560852;279,4035645;13,52712536
12.07.2020;213,9199982;121,2829208;90,87059021;285,2773132;13,57551479
12.08.2020;216,6266632;121,9003525;90,82414246;283,0996094;13,31935596
12.09.2020;201,4933319;119,3521957;89,10510254;277,6254578;12,90106583
12.10.2020;209,0233307;120,7830734;88,66560364;276,8262634;12,94247055
12.11.2020;203,3300018;119,9696426;88,98723602;273,2600403;12,98337936
12.14.2020;213,2766724;119,3521957;87,90296936;273,8993835;13,27819824
12.15.2020;211,0833282;125,3305817;88,2880249;275,2579346;13,32983112
12.16.2020;207,5899963;125,2619705;88,04980469;275,3778381;13,21210098
12.17.2020;218,6333313;126,1342316;87,29566193;274,1890869;13,31062603
12.18.2020;231,6666718;124,1349106;86,45211792;276,1070251;13,24153423
12.21.2020;216,6199951;125,6735992;86,86964417;272,500885;13,30164337
12.22.2020;213,4466705;129,2508545;86,07704926;266,8069153;13,2477684
12.23.2020;215,3266602;128,3491669;86,52054596;267,8258057;12,97938633
12.24.2020;220,5899963;129,3390656;86,84367371;267,1165771;12,96392155
12.28.2020;221,2299957;133,9649658;88,70355988;276,7064209;12,87038708
12.29.2020;221,9966736;132,1812286;87,83604431;276,4866333;12,91353703
12.30.2020;231,593338;131,0541229;86,87713623;271,5818481;13,11557198
12.31.2020;235,2233276;130,0446777;87,49443817;272,8704834;13,02503395
01.04.2021;243,2566681;126,8300858;86,31378174;268,6549683;13,08339596
01.05.2021;245,0366669;128,3981781;86,94705963;270,6828003;13,37397861
01.06.2021;251,9933319;124,076088;86,6658783;263,0309143;12,58554363
01.07.2021;272,0133362;128,3099823;89,26092529;268,4551697;13,3133688
01.08.2021;293,3399963;129,4174347;90,25778961;267,2864075;13,24627304
01.11.2021;270,3966675;126,4086456;88,23558807;256,5677795;13,59022999
01.12.2021;283,1466675;126,2322388;87,22824097;250,8238678;13,45379543
01.13.2021;284,8033447;128,2805786;87,62029266;251,373291;13,50068569
01.14.2021;281,6666565;126,3400421;86,91010284;245,3796539;13,16994858
01.15.2021;275,3866577;124,6053314;86,71083069;251,0935822;12,8299799
01.19.2021;281,5166626;125,2815857;89,44121552;260,8232727;12,99534988
01.20.2021;283,4833374;129,3978271;94,23776245;267,1965027;13,3350687
01.21.2021;281,6633301;134,1413422;94,45501709;272,58078;13,83566666
01.22.2021;282,2133179;136,2975006;94,94445801;274,2090454;13,68102264
01.25.2021;293,6000061;140,0707397;94,86205292;277,7153625;13,62190819
01.26.2021;294,3633423;140,305954;95,7530365;281,7510376;13,4044075
01.27.2021;288,0533447;139,2278595;91,43544769;271,8515625;12,88809586
01.28.2021;278,4766541;134,3569641;93,04961395;264,7191162;13,02104092
01.29.2021;264,5100098;129,3292389;91,68267059;258,0561829;12,95993137
02.01.2021;279,936676;131,4658051;94,95943451;261,7322998;13,20661449
02.02.2021;290,9299927;132,2988281;96,26596069;266,7969055;13,52562904
02.03.2021;284,8966675;131,2697754;103,3858566;266,3673706;13,49943924
02.04.2021;283,3299866;134,6509857;103,0012894;266,20755;13,63288593
02.05.2021;284,0766602;134,2338409;104,7807693;267,8158569;13,55980301
02.08.2021;287,8066711;134,381073;104,5265503;266,2974548;14,40560627
02.09.2021;283,1533203;133,4976807;104,0570831;269,1644287;14,2305088
02.10.2021;268,2733459;132,8891449;104,64991;271,5818481;14,73035908
02.11.2021;270,5533447;132,6339417;104,6753845;270,1034241;15,21574116
02.12.2021;272,0400085;132,8694916;105,0859146;270,2132874;14,92690468
02.16.2021;265,4066772;130,7297668;105,974411;273,6796265;15,29505825
02.17.2021;266,0499878;128,423172;106,2945404;273,2800598;14,8717823
02.18.2021;262,4599915;127,3140793;105,7396774;269,1044922;14,79496002
02.19.2021;260,4333191;127,4710541;104,9375839;261,2827759;14,89223576
02.22.2021;238,1666718;123,6725845;103,1266479;260,0540771;14,32279587
02.23.2021;232,9466705;123,5351639;103,4253082;265,5782166;14,10953617
02.24.2021;247,3399963;123,0345917;104,6394272;264,0298462;14,46571732
02.25.2021;227,406662;118,7551193;101,4525528;254,4200592;13,27695274
02.26.2021;225,1666718;119,0201492;101,7272415;257,3469543;13,68301773
03.01.2021;239,4766693;125,4295197;103,9571991;264,6292419;13,80997562
03.02.2021;228,8133392;122,8088303;103,6740265;258,7254944;13,37547684
03.03.2021;217,7333374;119,8053589;101,2203217;255,1392975;12,77535629
03.04.2021;207,1466675;117,911026;102,3380432;257,3669434;12,34185314
03.05.2021;199,3166656;119,1771774;105,3071671;263,9998779;12,43289375
03.08.2021;187,6666718;114,21064;101,0934677;255,0393982;11,56663799
03.09.2021;224,5266724;118,8532639;102,5183411;265,4583435;12,49582291
03.10.2021;222,6866608;117,7638016;102,6347122;264,6192322;12,443923
03.11.2021;233,1999969;119,7071991;105,6183167;273,5897217;12,96814728
03.12.2021;231,2433319;118,7943954;102,9788132;268,115509;12,8309164
03.15.2021;235,9799957;121,6996994;103,2070541;273,4598694;13,16551018
03.16.2021;225,6266632;123,2505341;104,5070724;278,9839783;13,26531792
03.17.2021;233,9366608;122,4554749;104,4351578;283,7089844;13,31521797
03.18.2021;217,7200012;118,3036346;101,6952744;278,3246765;12,69767666
03.19.2021;218,2899933;117,773613;102,0438843;289,8024902;12,82068539
03.22.2021;223,3333282;121,1107864;101,8136368;293,2288818;13,16052151
03.23.2021;220,7200012;120,2764893;102,5313263;290,3219604;13,04524612
03.24.2021;210,0899963;117,8717422;102,1367722;281,8409729;12,61833096
03.25.2021;213,4633331;118,3625031;102,1018143;278,4445496;12,51079082
03.26.2021;206,2366638;118,9710617;101,6618118;282,7200317;12,81419754
03.29.2021;203,7633362;119,1477432;102,6806564;290,5117798;12,92298508
03.30.2021;211,8733368;117,6852722;102,6601791;287,6947632;12,84663391
03.31.2021;222,6433258;119,8937073;103,3139343;294,2178345;13,3222065
04.01.2021;220,5833282;120,7279968;106,7659988;298,3434448;13,78480148
04.05.2021;230,3500061;123,57444;111,1510086;308,5825806;13,96020794
04.06.2021;230,5399933;123,8787003;111,1110611;305,9353943;13,83445168
04.07.2021;223,656662;125,5374908;112,3561478;312,7581482;14,11590195
04.08.2021;227,9333344;127,952034;113,1432495;312,6882324;14,28906345
04.09.2021;225,6733398;130,5432892;114,1640854;312,1288147;14,37190342
04.12.2021;233,9933319;128,8158112;112,6113586;311,2098083;15,17932415
04.13.2021;254,1066742;131,9468536;113,2346497;309,4317017;15,64890671
04.14.2021;244,0766602;129,591217;112,6138458;302,499054;15,24719238
04.15.2021;246,2833405;132,0156097;114,7024765;307,4937439;16,10576439
04.16.2021;246,593338;131,6818695;114,7574081;305,8554688;15,88145065
04.19.2021;238,2100067;132,3492889;114,989151;301,9196472;15,33177567
04.20.2021;239,6633301;130,6512451;114,5511475;302,3292236;15,14164925
04.21.2021;248,0399933;131,0340424;114,5341644;301,1504822;15,33052731
04.22.2021;239,8966675;129,5028687;113,2671127;296,205719;14,82127476
04.23.2021;243,1333313;131,838913;115,6334152;300,8108521;15,235466
04.26.2021;246,0666656;132,2315216;116,2047653;302,718811;15,44780064
04.27.2021;234,9133301;131,9076385;115,224884;303,2482605;15,35173607
04.28.2021;231,4666595;131,1125946;118,8602448;306,7745056;15,24694252
04.29.2021;225,6666718;131,0144348;121,3563995;329,1607666;15,29484844
04.30.2021;236,4799957;129,0317383;120,3690186;324,7354431;14,98021412
05.03.2021;228,3000031;130,0917358;119,6223755;322,2380981;14,80779934
05.04.2021;224,5333405;125,4884033;117,5787048;318,0225525;14,32324791
05.05.2021;223,6466675;125,7338028;117,7030563;314,6860962;14,43028927
05.06.2021;221,1799927;127,3435059;118,9321594;319,6808167;14,49466228
05.07.2021;224,1233368;128,0219116;119,7981796;318,7417908;14,78334904
05.10.2021;209,6799927;124,7183685;116,949913;305,6457214;14,23791313
05.11.2021;205,7333374;123,7941742;115,3067932;306,2051086;14,27833557
05.12.2021;196,6300049;120,7069244;111,8267517;302,2293091;13,73165512
05.13.2021;190,5633392;122,8699722;112,9699478;304,9364624;13,63858509
05.14.2021;196,5800018;125,3082886;115,6763611;315,6051331;14,2152071
05.17.2021;192,2766724;124,1481171;115,9385681;315,1256409;14,13785934
05.18.2021;192,6233368;122,751976;115,0405884;309,6314697;13,98840237
05.19.2021;187,8200073;122,5946732;115,3042908;313,2576294;14,03830528
05.20.2021;195,593338;125,1706238;117,6705933;318,2723083;14,58398819
05.21.2021;193,6266632;123,3222198;117,1217194;315,8948364;14,96249771
05.24.2021;202,1466675;124,9641495;120,1967239;324,2859192;15,5815382
05.25.2021;201,5633392;124,7675247;120,3165817;327,4425964;15,61721802
05.26.2021;206,3766632;124,7183685;121,5381927;327,3127136;15,66936684
05.27.2021;210,2833405;123,1747513;119,9889603;332,3973083;15,45778084
05.28.2021;208,406662;122,5160141;120,4409485;328,3815918;16,21280479
06.01.2021;207,9666595;122,1915588;121,3524094;328,7811584;16,23276901
06.02.2021;201,706665;122,9584503;120,9263916;328,8011169;16,7455101
06.03.2021;190,9466705;121,4639816;120,0938416;325,6944275;16,93663979
06.04.2021;199,6833344;123,7745056;122,4486542;329,9998779;17,54395103
06.07.2021;201,7100067;123,7843475;123,1643448;336,2232361;17,58462334
06.08.2021;201,1966705;124,6102142;124,0013962;333,3263245;17,4229393
06.09.2021;199,593338;124,9936676;124,4284058;329,8999634;17,32835007
06.10.2021;203,3733368;123,9908218;125,9366913;332,1076355;17,3949852
06.11.2021;203,2966614;125,2099686;125,553627;330,908905;17,79454803
06.14.2021;205,8966675;128,2873688;126,2083817;336,4130554;17,98771286
06.15.2021;199,7866669;127,4614868;125,88974;336,3930969;17,75786209
06.16.2021;201,6233368;127,9629135;125,553627;330,7290649;17,77957344
06.17.2021;205,5333405;129,5753326;126,2273636;336,1533508;18,62511635
06.18.2021;207,7700043;128,2677155;125,4247665;329,3106079;18,60664749
06.21.2021;206,9433289;130,0767822;126,311264;331,9378052;18,39550591
06.22.2021;207,9033356;131,7285614;126,8551407;338,6706543;18,85421562
06.23.2021;218,8566742;131,4532623;126,3177567;340,2290039;19,02442169
06.24.2021;226,6066742;131,1681366;127,1373215;342,8162537;19,17241669
06.25.2021;223,956665;130,8731689;126,8506546;341,0081787;18,99822235
06.28.2021;229,5733337;132,5151062;126,675354;355,2630615;19,95057678
06.29.2021;226,9199982;134,039093;125,8752594;351,5170593;19,99225616
06.30.2021;226,5666656;134,6584778;125,1735611;347,3414612;19,96804619
07.01.2021;225,9733276;134,9632874;126,2248611;354,0144043;20,17718506
07.02.2021;226,3000031;137,608078;128,5726776;354,3240662;20,45171165
07.06.2021;219,8600006;139,6334534;129,6234894;352,4060974;20,66284752
07.07.2021;214,8833313;142,1406097;129,9296417;350,1184998;20,3366642
07.08.2021;217,6033325;140,8329773;129,0301666;345,2836304;19,86846924
07.09.2021;218,9833374;142,671524;129,4272156;350,0486145;20,01571274
07.12.2021;228,5666656;142,0717468;130,4155884;352,7857056;20,47716904
07.13.2021;222,8466644;143,1925964;130,8456116;351,7168274;20,21511841
07.14.2021;217,793335;146,6436157;131,932373;347,2615662;19,80732346
07.15.2021;216,8666687;145,9848785;131,1172943;344,0949097;18,9335804
07.16.2021;214,7400055;143,9300232;131,6956482;340,7984009;18,12971687
07.19.2021;215,406662;140,0562134;129,1070862;336,5928955;18,74740601
07.20.2021;220,1666718;143,6940308;130,9524841;341,2978821;18,5799427
07.21.2021;218,4299927;142,9566345;132,4497681;345,8630371;19,37656975
07.22.2021;216,4199982;144,3331146;133,1769562;350,8177795;19,56025124
07.23.2021;214,4600067;146,0635376;137,6593475;369,3980713;19,52431488
07.26.2021;219,206665;146,4863281;139,4857788;372,0652161;19,26076698
07.27.2021;214,9266663;144,3036346;136,6410065;367,420166;19,17491531
07.28.2021;215,6600037;142,5437012;136,2264862;372,8843689;19,46940804
07.29.2021;225,7833405;143,1925964;136,3852997;357,9402161;19,62813187
07.30.2021;229,0666656;143,408905;135,0672913;355,9223633;19,46541595
08.02.2021;236,5566711;143,0746307;135,8349304;351,5769958;19,71597862
08.03.2021;236,5800018;144,883728;136,1250916;350,8677063;19,78086853
08.04.2021;236,9733276;144,4806061;135,8738861;358,5396118;20,23907852
08.05.2021;238,2100067;144,5887451;136,7843475;362,5852966;20,60144997
08.06.2021;233,0333405;143,8994751;136,8802338;363,1247253;20,33091927
08.09.2021;237,9199982;143,8502655;137,8451385;361,2267151;20,26004219
08.10.2021;236,6633301;143,3677826;137,9395294;360,7472534;19,90166283
08.11.2021;235,9400024;143,6237793;137,5329895;359,5784607;19,66506958
08.12.2021;240,75;146,6073303;138,232193;362,265625;19,87071609
08.13.2021;239,0566711;146,8141174;138,2486877;362,7950745;20,15322685
08.16.2021;228,7233276;148,8031311;138,7581024;366,1714783;19,91563606
08.17.2021;221,9033356;147,8874054;137,1444397;358,0700989;19,42448425
08.18.2021;229,6633301;144,1161194;136,4147797;355,0732727;19,00720596
08.19.2021;224,4900055;144,4509125;136,7578735;354,7436218;19,76389885
08.20.2021;226,7533264;145,9180603;138,2796478;358,9891052;20,78014755
08.23.2021;235,4333344;147,4147491;140,9391174;362,9649048;21,92018127
08.24.2021;236,1633301;147,3261414;142,2366333;365,1226196;21,75546265
08.25.2021;237,0666656;146,0854645;142,7875061;367,9995728;22,17474174
08.26.2021;233,7200012;145,2780151;141,9614563;363,9938049;22,02999306
08.27.2021;237,3066711;146,3217773;144,3862;372,2350464;22,59700966
08.30.2021;243,636673;150,7724915;145,3041534;380,2565308;22,64892006
08.31.2021;245,2400055;149,5022736;145,2966614;378,9779053;22,35038185
09.01.2021;244,6966705;150,1718292;145,6762238;381,64505;22,40629768
09.02.2021;244,1300049;151,2943115;144,055069;374,8822327;22,36136818
09.03.2021;244,5233307;151,9343872;144,6104279;375,8612061;22,80767822
09.07.2021;250,9733276;154,2877197;145,3535919;381,7749329;22,62695313
09.08.2021;251,2899933;152,7319641;144,718811;377,1698303;22,3044548
09.09.2021;251,6199951;151,7079163;144,7487793;377,5993652;22,14270782
09.10.2021;245,4233398;146,6860962;141,7596893;378,2886353;22,44323921
09.13.2021;247,6666718;147,2572021;143,3019257;376,1109619;22,11774445
09.14.2021;248,1633301;145,8491364;143,2429962;376,1309204;22,20760345
09.15.2021;251,9433289;146,7451935;145,0409393;373,5237122;22,3064518
09.16.2021;252,3300018;146,5088348;144,2093964;372,6645813;22,20760345
09.17.2021;253,1633301;143,8207245;141,3027039;364,3334351;21,86613274
09.20.2021;243,3899994;140,7485504;138,8589783;355,322998;21,08034706
09.21.2021;246,4600067;141,2310486;139,4877625;357,1011353;21,2131443
09.22.2021;250,6466675;143,6139526;140,7783051;342,8462219;21,90707016
09.23.2021;251,2133331;144,5789032;141,6652985;345,5933228;22,4472332
09.24.2021;258,1300049;144,6675415;142,470871;352,585907;22,04685402
09.27.2021;263,7866821;143,1412811;141,3401642;353,2052307;21,62650681
09.28.2021;259,186676;139,7343445;136,0292053;340,2889404;20,66698837
09.29.2021;260,436676;140,640213;134,3680878;339,2500305;20,48527336
09.30.2021;258,4933472;139,3306274;133,1140289;339,030304;20,68396378
10.01.2021;258,4066772;140,4630127;136,3073883;342,6464539;20,7099247
10.04.2021;260,5100098;137,0068054;133,6129608;325,8842468;19,70148468
10.05.2021;260,1966553;138,9466095;136,0222168;332,6070862;20,41937447
10.06.2021;260,9166565;139,8229523;137,197876;333,2864075;20,66798973
10.07.2021;264,5366821;141,0931549;139,027298;328,8710632;21,0424099
10.08.2021;261,8299866;140,7091827;139,8968048;329,7001648;20,79878616
10.11.2021;263,980011;140,6205444;138,689682;325,105072;20,66299629
10.12.2021;268,5733337;139,3404694;136,5576019;323,4268188;20,63903236
10.13.2021;270,3599854;138,7496948;137,7432556;324,1960449;20,90662003
10.14.2021;272,7733459;141,5559692;141,2512665;328,1817932;21,71237183
10.15.2021;281,0100098;142,6194;141,5139618;324,415802;21,82819557
10.18.2021;290,0366821;144,3032074;142,7980042;334,9845581;22,18763733
10.19.2021;288,0899963;146,4793091;143,6585236;339,6296387;22,25553131
10.20.2021;288,6000061;146,9716492;142,2531128;340,4188232;22,06882095
10.21.2021;298;147,1882935;142,6182098;341,5176392;22,65690994
10.22.2021;303,2266541;146,4103851;138,4674377;324,2659302;22,69085503
10.25.2021;341,6199951;146,3611755;138,6152496;328,3416138;23,13017654
10.26.2021;339,4766541;147,0307465;139,5132446;315,4752808;24,6787796
10.27.2021;345,9533386;146,5679626;146,2610626;311,8890686;24,41319084
10.28.2021;359,0133362;150,230896;145,9629059;316,5841064;24,90243149
10.29.2021;371,3333435;147,5033722;148,1019592;323,2270508;25,52746391
11.01.2021;402,8633423;146,6762543;143,6105804;329,6302795;25,78706169
11.02.2021;390,6666565;147,7200012;145,6972046;327,7322693;26,36017227
11.03.2021;404,6199951;149,1674652;146,6231384;331,2685242;26,5568676
11.04.2021;409,9700012;148,6455841;148,5139923;335,4940491;29,75491714
11.05.2021;407,3633423;149,1780853;149,0713654;340,7684326;29,70598984
11.08.2021;387,6466675;148,349762;149,1817322;338,2611084;30,75636292
11.09.2021;341,1666565;148,7145996;149,0788574;335,0145264;30,60959244
11.10.2021;355,9833374;145,8647919;146,4593506;327,2927551;29,41344643
11.11.2021;354,5033264;145,8154755;146,581192;327,3926086;30,34300423
11.12.2021;344,4733276;147,9060211;149,4754028;340,528717;30,34300423
11.15.2021;337,7966614;147,9158478;149,2182007;347,1916199;29,97857094
11.16.2021;351,5766602;148,9019928;148,9065552;342,5964966;30,15629578
11.17.2021;363,0033264;151,3573914;148,8925629;340,4088135;29,21575165
11.18.2021;365,4599915;155,6765442;150,5376892;338,3310242;31,62601852
11.19.2021;379,019989;158,3193054;149,7820587;344,934021;32,93399048
11.22.2021;385,6233215;158,7827759;146,9113312;340,6485901;31,90658379
11.23.2021;369,6766663;159,1673431;146,5901947;336,8925476;31,69690514
11.24.2021;372;159,6899719;146,5507355;340,6985168;32,62347412
11.26.2021;360,6400146;154,6312408;142,6436768;332,7669373;31,45428276
11.29.2021;378,9966736;158,0136108;145,9479218;337,6717224;33,3243866
11.30.2021;381,5866699;163,0032806;142,2900696;324,1160889;32,62547302
12.01.2021;365;162,4806519;141,4570313;310,270813;31,39023209
12.02.2021;361,5333252;161,4847107;143,6130829;310,0610352;32,08024597
12.03.2021;338,3233337;159,5913696;142,35849;306,5147705;30,64929199
12.06.2021;336,3366699;163,0230408;143,6330414;317,5330811;29,99422646
12.07.2021;350,5833435;168,8015747;147,8682251;322,467865;32,38081741
12.08.2021;356,3200073;172,6474152;148,5514526;330,2096252;31,78067589
12.09.2021;334,6000061;172,134613;147,9376526;329,4704285;30,44657516
12.10.2021;339,0100098;176,9567108;148,506012;329,4005127;30,15499687
12.13.2021;322,1366577;173,298233;146,5377502;334,1354675;28,12089348
12.14.2021;319,5033264;171,9078217;144,8057251;333,386261;28,29664421
12.15.2021;325,3299866;176,8087769;147,2009888;341,2978821;30,41562271
12.16.2021;308,9733276;169,8665924;144,6738739;334,5450439;28,34657097
12.17.2021;310,8566589;168,7621613;142,6406708;333,4362183;27,76140785
12.20.2021;299,980011;167,3914795;142,2396393;325,105072;27,67952347
12.21.2021;312,8433228;170,5864716;144,0565796;333,8457947;29,03359413
12.22.2021;336,2900085;173,1996307;146,7819672;330,099762;29,3581295
12.23.2021;355,6666565;173,830719;146,9752502;334,8846741;29,59778786
12.27.2021;364,6466675;177,8244781;147,8956909;345,8130798;30,9009285
12.28.2021;362,8233337;176,7989044;146,2815399;345,8530579;30,27881622
12.29.2021;362,063324;176,8876495;146,3379822;342,5765381;29,95827293
12.30.2021;356,7799988;175,7240601;145,8365479;343,9949951;29,5438652
12.31.2021;352,2600098;175,1027985;144,5150604;335,9934998;29,36911392
01.03.2022;399,9266663;179,4811096;144,9095917;338,1811829;30,07810211
01.04.2022;383,1966553;177,2032471;144,2523499;336,1733093;29,24828911
01.05.2022;362,706665;172,489624;137,4970398;323,826416;27,56468773
01.06.2022;354,8999939;169,6102295;137,3946533;332,1076355;28,1378727
01.07.2022;342,3200073;169,7778168;136,8487701;331,4383545;27,20819473
01.10.2022;352,706665;169,7975922;138,4164886;327,72229;27,36098099
01.11.2022;354,7999878;172,6474152;139,8583527;334,0155945;27,7773838
01.12.2022;368,7399902;173,0911713;141,4869843;332,9067993;27,95912552
01.13.2022;343,8533325;169,7975922;138,9728546;326,1339722;26,53715324
01.14.2022;349,8699951;170,6653137;139,6276093;331,5482178;26,9036274
01.18.2022;343,5033264;167,4407501;136,1355743;317,8128052;25,86610985
01.19.2022;331,8833313;163,9203949;135,4978027;319,2512512;25,03129959
01.20.2022;332,0899963;162,2242737;133,3547516;316,2244873;24,11560631
01.21.2022;314,6333313;160,1534424;129,9441223;302,8486938;23,3407135
01.24.2022;310;159,3744354;130,2238007;308,382782;23,3387146
01.25.2022;306,1333313;157,5599823;126,5914383;299,8318787;22,29220772
01.26.2022;312,4700012;157,4712524;129,0931091;294,3177185;22,7395668
01.27.2022;276,3666687;157,0077515;128,9742279;294,3277283;21,91274834
01.28.2022;282,1166687;167,9633942;133,1380005;301,3901978;22,80747223
01.31.2022;312,2399902;172,351593;135,5442657;312,9279785;24,4511261
02.01.2022;310,4166565;172,18396;137,7217712;318,6618958;24,6029129
02.02.2022;301,8866577;173,3968201;147,8682251;322,6576538;25,20605278
02.03.2022;297,0466614;170,4976807;142,4883575;237,5079956;23,91389465
02.04.2022;307,7733459;170,21138;142,8534393;236,8387146;24,2843647
02.07.2022;302,4466553;169,4905853;138,7800751;224,6716309;24,69278336
02.08.2022;307,3333435;172,6205139;139,0547638;219,9466248;25,07224464
02.09.2022;310,6666565;174,0522003;141,2922211;231,7541046;26,66697121
02.10.2022;301,5166626;169,9447937;138,4449463;227,8282776;25,78722191
02.11.2022;286,6666565;166,5087433;133,9775391;219,3173065;23,9148922
02.14.2022;291,9200134;166,7457581;135,1462097;217,4692535;24,23243904
02.15.2022;307,4766541;170,606308;136,2704315;220,7657623;26,45726776
02.16.2022;307,7966614;170,369339;137,3312225;216,3104858;26,47324562
02.17.2022;292,1166687;166,7457581;132,1581116;207,4898529;24,4720974
02.18.2022;285,6600037;165,1856995;130,3191986;205,9414978;23,60833168
02.22.2022;273,8433228;162,2433472;129,2554169;201,8658142;23,35668755
02.23.2022;254,6799927;158,0470581;127,4399796;198,2396545;22,3551178
02.24.2022;266,9233398;160,6833038;132,5226898;207,3799744;23,71417618
02.25.2022;269,956665;162,7666626;134,3665924;210,2569122;24,12259483
02.28.2022;290,1433411;163,0332336;134,7376862;210,8063354;24,35027504
03.01.2022;288,1233215;161,1375275;134,0155029;203,2743225;23,44356155
03.02.2022;293,2966614;164,4550323;134,5983276;207,8894196;24,1896286
03.03.2022;279,7633362;164,1292267;134,1553345;202,7548828;23,68426132
03.04.2022;279,4299927;161,1078796;131,971817;199,8479614;22,90723419
03.07.2022;268,1933289;157,2868042;126,320755;187,2713013;21,32522011
03.08.2022;274,7999878;155,4503174;127,1338272;190,0883026;21,48702049
03.09.2022;286,3233337;160,8906555;133,7138367;198,2896118;22,98514175
03.10.2022;279,4333191;156,5166626;132,531189;195,0031128;22,62958527
03.11.2022;265,1166687;152,7745361;130,3271942;187,4111481;22,07228661
03.14.2022;255,456665;148,7164764;126,5969391;186,4322052;21,30324936
03.15.2022;267,2966614;153,1300049;129,5131226;191,8264618;22,94418907
03.16.2022;280,0766602;157,5731354;133,5385437;203,4141846;24,46528435
03.17.2022;290,5333252;158,5901031;134,4474945;207,6197052;24,7349453
03.18.2022;301,7966614;161,9076385;136,6459961;216,2605438;26,41982841
03.21.2022;307,0533447;163,289978;136,3233643;211,2658539;26,70047379
03.22.2022;331,3266602;166,6864777;140,118042;216,4203644;26,49073792
03.23.2022;333,0366821;168,0589294;138,3460693;213,2337646;25,60185432
03.24.2022;337,9733276;171,8701477;141,1513672;219,3372803;28,11470222
03.25.2022;336,8800049;172,5119171;141,3606415;221,5848999;27,65727043
03.28.2022;363,9466553;173,3807831;141,7886505;223,3530121;28,18361092
03.29.2022;366,5233459;176,6983337;143,0871735;229,6163788;28,6200676
03.30.2022;364,6633301;175,5233765;142,4823608;227,6085052;27,65527725
03.31.2022;359,2000122;172,4033356;139,4907684;222,1243286;27,25177765
04.01.2022;361,5299988;172,1071014;140,5400696;224,6116943;26,67850113
04.04.2022;381,8166809;176,1848907;143,4792328;233,6421051;27,32569122
04.05.2022;363,7533264;172,8476105;140,9026642;231,5942688;25,89848328
04.06.2022;348,5866699;169,6584473;137,0200653;223,063324;24,37639236
04.07.2022;352,4200134;169,9645386;136,3098755;222,7136993;24,17764091
04.08.2022;341,8299866;167,9403992;133,8581696;222,0943604;23,09000778
04.11.2022;325,3099976;163,6552734;129,6489563;216,2305756;21,88951302
04.12.2022;328,9833374;165,5411377;128,2285767;213,9130402;21,47703171
04.13.2022;340,7900085;168,2465057;130,1379089;214,762146;22,17515755
04.14.2022;328,3333435;163,2010956;127,1083527;209,9572296;21,23134232
04.18.2022;334,7633362;162,9838867;127,8155518;210,5466156;21,75568581
04.19.2022;342,7166748;165,2844086;130,3826294;217,0796661;22,17016029
04.20.2022;325,7333374;165,1165619;128,0997314;200,2075806;21,45506287
04.21.2022;336,2600098;164,316803;124,7954865;187,8706665;20,15768814
04.22.2022;335,0166626;159,7453156;119,478035;183,9148712;19,49052811
04.25.2022;332,6733398;160,8215637;123,1099091;186,7918091;19,87704468
04.26.2022;292,1400146;154,8183899;119,3701553;180,7582092;18,76443672
04.27.2022;293,8366699;154,5913086;114,8897629;174,7645721;18,39190674
04.28.2022;292,5033264;161,5719452;119,2757721;205,5119476;19,75719452
04.29.2022;290,2533264;155,6576385;114,8358231;200,2575226;18,52374458
05.02.2022;300,980011;155,9637299;117,0238266;210,9062347;19,50850487
05.03.2022;303,0833435;157,4645081;117,9952316;211,8052673;19,57741928
05.04.2022;317,5400085;163,9218903;122,4356689;223,1732178;20,30850029
05.05.2022;291,0933228;154,7888031;116,6138;208,0592499;18,82037163
05.06.2022;288,5499878;155,5204926;115,5285339;203,5540314;18,65158272
05.09.2022;262,3699951;150,3588867;112,9554596;196,0020447;16,92874527
05.10.2022;266,6799927;152,7814941;114,4542618;197,440506;17,57293701
05.11.2022;244,6666718;144,8610992;113,8314667;188,5399628;16,6091423
05.12.2022;242,6666718;140,9651642;113,0323792;191,0373077;16,15471649
05.13.2022;256,5299988;145,4642487;116,3830643;198,4094849;17,68379784
05.16.2022;241,456665;143,9118347;114,6620255;199,8279724;17,24235344
05.17.2022;253,8699951;147,5704651;116,5688477;202,4052429;18,15420723
05.18.2022;236,6033325;139,2446442;112,2732391;192,0362549;16,91675949
05.19.2022;236,4733276;135,8134613;110,6196213;191,0872498;17,10252762
05.20.2022;221,3000031;136,050766;109,1887512;193,3348694;16,67306328
05.23.2022;224,9666595;141,5090027;111,539566;196,0220184;16,87681198
05.24.2022;209,386673;138,7897797;105,805603;181,0878601;16,13374519
05.25.2022;219,6000061;138,9480133;105,7192001;183,6351624;16,95371437
05.26.2022;235,9100037;142,1715088;108,172905;191,4268951;17,82861519
05.27.2022;253,2100067;147,9659576;112,6707916;194,9231873;18,78741264
05.31.2022;252,7533264;147,1749115;113,9093781;193,4347687;18,64858437
06.01.2022;246,7899933;147,0463715;114,0072632;188,4400635;18,29702568
06.02.2022;258,3333435;149,5183868;117,6121674;198,649231;19,56742668
06.03.2022;234,5166626;143,7536163;114,4337845;190,5777893;18,69652748
06.06.2022;238,2799988;144,5050964;116,8774948;194,0441132;18,76244164
06.07.2022;238,886673;147,0463715;117,0962524;195,442627;18,90226555
06.08.2022;241,8666687;146,3047638;117,1047363;196,4315796;18,6285553
06.09.2022;239,706665;141,044281;114,7873764;183,8049774;18,02917862
06.10.2022;232,2299957;135,5959015;111,3008423;175,3839264;16,95629883
06.13.2022;215,7366638;130,4046326;106,7550201;164,0858917;15,63068295
06.14.2022;220,8899994;131,2747803;107,0721588;163,5564575;15,81948566
06.15.2022;233;133,914917;110,2650299;169,170517;16,50976372
06.16.2022;213,1000061;128,605011;106,5147934;160,6994934;15,58472919
06.17.2022;216,7599945;130,0882111;107,742897;163,566452;15,86343861
06.21.2022;237,0366669;134,3499908;111,8876801;156,8835449;16,54872513
06.22.2022;236,0866699;133,8358307;111,9066544;155,6848297;16,34293938
06.23.2022;235,0700073;136,723175;112,5564194;158,5817413;16,20808029
06.24.2022;245,706665;140,0752411;118,4032669;169,97966;17,10814095
06.27.2022;244,9199982;140,0752411;116,4899368;169,3103638;16,85140991
06.28.2022;232,6633301;135,9024353;112,4435501;160,5096893;15,96533394
06.29.2022;228,4900055;137,6724243;112,1289063;163,7662506;15,52579212
06.30.2022;224,4733276;135,1904907;109,2481766;161,0790863;15,14319134
07.01.2022;227,2633362;137,3757629;108,957016;159,8603821;14,50785446
07.05.2022;233,0666656;139,9763336;113,7575531;168,011734;14,94839478
07.06.2022;231,7333374;141,3211212;115,0825424;169,5900726;15,11422157
07.07.2022;244,543335;144,7127686;119,1703873;172,0075073;15,84146214
07.08.2022;250,7633362;145,3950195;120,0319138;170,6988983;15,8214817
07.11.2022;234,343338;143,2493134;116,3900528;162,7073669;15,136199
07.12.2022;233,0700073;144,228241;114,718956;163,0969543;15,06627083
07.13.2022;237,0399933;143,8624115;112,0594788;163,3167267;15,14818382
07.14.2022;238,3133392;146,8090515;111,3133316;157,8824921;15,35596848
07.15.2022;240,0666656;148,490036;112,6388168;164,5254364;15,7455616
07.18.2022;240,5466614;145,4247131;109,7850723;167,0527496;16,08420563
07.19.2022;245,5299988;149,3107605;114,4897156;175,593689;16,9742775
07.20.2022;247,5;151,3278961;114,5696182;182,8959351;17,78842735
07.21.2022;271,706665;153,6120911;114,9092407;182,9758606;18,03117561
07.22.2022;272,2433472;152,3661804;108,2368317;169,0905914;17,30093765
07.25.2022;268,4333191;151,2389069;108,086998;166,4733582;17,00624657
07.26.2022;258,8599854;149,9040375;105,3201523;158,981308;16,51576042
07.27.2022;274,8200073;155,0359802;113,470871;169,4002686;17,77144814
07.28.2022;280,8999939;155,5897217;114,4597473;160,5496521;17,96524429
07.29.2022;297,1499939;160,6919708;116,5074158;158,9313812;18,14405823
08.01.2022;297,2766724;159,7031708;115,3487396;159,7604828;18,4217701
08.02.2022;300,5866699;158,2199554;115,7682648;160,0202179;18,50667763
08.03.2022;307,3966675;164,2714691;118,644989;168,6210938;18,87329483
08.04.2022;308,6333313;163,9550781;118,7348862;170,3892212;19,19496346
08.05.2022;288,1700134;163,7273407;118,0856247;166,9328766;18,96919441
08.08.2022;290,4233398;163,2519989;118,0057144;170,0695496;17,77444649
08.09.2022;283,3333435;163,3015289;117,3664398;168,3513794;17,06818199
08.10.2022;294,3566589;167,5791473;120,5128632;178,1509705;18,07812691
08.11.2022;286,6300049;166,8365021;119,6838074;177,3018799;17,92328835
08.12.2022;300,0299988;170,4110565;122,5105896;180,3086853;18,68948746
08.15.2022;309,3200073;171,4903717;122,7403259;180,6982727;19,01214981
08.16.2022;306,563324;171,331955;122,3707504;179,2797852;18,85931206
08.17.2022;303,9966736;172,8370361;120,1832352;174,6646881;18,3158741
08.18.2022;302,8699951;172,4409637;120,7226257;174,474884;18,75342178
08.19.2022;296,6666565;169,836792;117,9857407;167,7819824;17,83038712
08.22.2022;289,9133301;165,9255219;114,9392014;162,877182;17,01623535
08.23.2022;296,4533386;165,5888672;114,6395416;160,9392395;17,16308212
08.24.2022;297,0966797;165,8859253;114,5696182;163,0869598;17,20404053
08.25.2022;296,0700073;168,3613892;117,5662155;168,6011047;17,89432144
08.26.2022;288,0899963;162,0143127;111,1734924;161,6085358;16,2430439
08.29.2022;284,8200073;159,7962799;110,2145767;159,001297;15,7845211
08.30.2022;277,7000122;157,3505096;109,7850723;156,9934387;15,45186901
08.31.2022;275,6099854;155,6771088;109,0259323;162,757309;15,07825947
09.01.2022;277,1600037;156,4098511;110,4243469;165,1847382;13,92246723
09.02.2022;270,2099915;154,2809296;108,5564651;160,1500854;13,63276863
09.06.2022;274,4200134;153,0135193;107,3578339;158,3719635;13,4509573
09.07.2022;283,7000122;154,4294586;110,3544235;160,2200012;13,70376968
09.08.2022;289,2600098;152,9441986;109,2956238;161,8882294;13,97956276
09.09.2022;299,6799927;155,8256531;111,6529465;168,9707184;14,37626648
09.12.2022;304,4200134;161,8261566;111,7428436;168,7809296;14,49417877
09.13.2022;292,1300049;152,3302765;105,1902924;152,9676971;13,12120247
09.14.2022;302,6099854;153,7858429;105,7496643;151,3094635;13,11820698
09.15.2022;303,75;150,8746796;103,7819061;149,3914948;12,91935349
09.16.2022;303,3500061;149,2210846;103,512207;146,1349487;13,18815327
09.19.2022;309,0700073;152,9639893;103,7319565;147,8631134;13,37201691
09.20.2022;308,730011;155,3602448;101,7142563;145,9351501;13,16616917
09.21.2022;300,7999878;152,211441;99,89632416;141,9693604;13,25110722
09.22.2022;288,5899963;151,2410736;100,4556885;142,6686401;12,55162907
09.23.2022;275,3299866;148,9537201;99,05727386;140,2611847;12,50666237
09.26.2022;276,0100098;149,2904053;98,69768524;136,2254639;12,21887779
09.27.2022;282,9400024;150,2706909;97,97850037;134,2575378;12,40373898
09.28.2022;287,8099976;148,3695221;100,6254883;141,4599152;12,72649956
09.29.2022;268,2099915;141,0817566;97,97850037;136,2654266;12,21088409
09.30.2022;265,25;136,84375;96,04071045;135,5361938;12,1299448
10.03.2022;242,3999939;141,052063;99,18713379;138,463089;12,50266647
10.04.2022;249,4400024;144,6662292;102,293602;140,1313171;13,15717602
10.05.2022;240,8099976;144,9632721;102,1038132;138,8326874;13,19914436
10.06.2022;238,1300049;144,0028076;102,1237869;138,9226074;13,12020493
10.07.2022;223,0700073;138,7152252;99,45682526;133,308548;12,06699181
10.10.2022;222,9600067;139,0419617;98,59780121;133,6481934;11,66129303
10.11.2022;216,5;137,6160889;97,93855286;128,4037476;11,57735634
10.12.2022;217,2400055;136,9823914;98,18827057;127,3648605;11,49142075
10.13.2022;221,7200012;141,5867615;99,59666443;130,1519012;11,95107746
10.14.2022;204,9900055;137,0219879;97,06954193;126,6256485;11,21862411
10.17.2022;219,3500061;141,0124512;100,6654434;133,8979187;11,87913036
10.18.2022;220,1900024;142,3392944;101,2747498;132,659256;11,95807171
10.19.2022;222,0399933;142,4481964;100,1760025;133,0887909;12,0420084
10.20.2022;207,2799988;141,9828186;100,4157333;131,3905945;12,18490314
10.21.2022;214,4400024;145,8247528;101,3646545;129,8721924;12,45669937
10.24.2022;211,25;147,9833679;102,8529587;129,5825195;12,58960056
10.25.2022;222,4199982;150,8450012;104,81073;137,3642426;13,25110722
10.26.2022;224,6399994;147,8843231;94,71221924;129,6824188;12,88637924
10.27.2022;225,0899963;143,3789673;92,49474335;97,8361969;13,16616917
10.28.2022;228,5200043;154,2116241;96,47022247;99,09485626;13,82367897
10.31.2022;227,5399933;151,8351746;94,55240631;93,06126404;13,48693085
11.01.2022;227,8200073;149,1715698;90,39713287;95,09909821;13,532897
11.02.2022;214,9799957;143,60672;86,97103119;90,44403839;13,20913792
11.03.2022;215,3099976;137,5170746;83,39509583;88,81576538;13,41098785
11.04.2022;207,4700012;137,2492981;86,60144806;90,69377136;14,14543915
11.07.2022;197,0800018;137,7848663;88,54924011;96,61748505;14,29033089
11.08.2022;191,3000031;138,3601532;88,8089447;96,36775208;14,59110641
11.09.2022;177,5899963;133,7679596;87,30065918;101,3624573;13,76572227
11.10.2022;190,7200012;145,6699066;94,06295776;111,7514343;15,73824978
11.11.2022;195,9700012;148,4767914;96,62005615;112,9002075;16,31481743
11.14.2022;190,9499969;147,0684052;95,92084503;114,098938;16,28284454
11.15.2022;194,4199982;148,8140106;98,60778809;116,9559097;16,65356636
11.16.2022;186,9199982;147,574234;98,87747955;113,109993;15,89813042
11.17.2022;183,1699982;149,4884644;98,38803864;111,331871;15,66530418
11.18.2022;180,1900024;150,0537872;97,68883514;111,9312439;15,39750385
11.21.2022;167,8699951;146,8006134;95,72107697;109,7435608;15,30557346
11.22.2022;169,9100037;148,9528656;97,21936798;111,3218918;16,0260334
11.23.2022;183,1999969;149,8356171;98,70767212;112,1210327;16,50667763
11.25.2022;182,8600006;146,8997955;97,48905945;111,2919235;16,25786209
11.28.2022;182,9199982;143,0415497;96,14059448;108,6647034;15,81519222
11.29.2022;180,8300018;140,01651;95,33152008;109,3439865;15,62733173
11.30.2022;194,6999969;146,8204498;101,3346863;117,974823;16,91470146
12.01.2022;194,6999969;147,0981445;101,1648788;120,3123474;17,12659836
12.02.2022;194,8600006;146,6022491;100,7153931;123,3591156;16,86772346
12.05.2022;182,4499969;145,4319;99,75648499;122,3002396;16,60185623
12.06.2022;179,8200073;141,7422791;97,1993866;113,9990463;15,97916031
12.07.2022;174,0399933;139,7883759;95,04184723;113,8092499;16,11209679
12.08.2022;173,4400024;141,4844055;93,84320831;115,2077637;17,1605835
12.09.2022;179,0500031;140,9984283;92,96421051;115,7771606;16,99266243
12.12.2022;167,8200073;143,3093719;93,45365143;114,5884171;17,52640152
12.13.2022;160,9499969;144,2813568;95,74105072;120,0226593;18,06313896
12.14.2022;156,8000031;142,0398254;95,20166016;121,4611206;17,66533279
12.15.2022;157,6699982;135,3846741;91,09633636;116,0268936;16,94368744
12.16.2022;150,2299957;133,4109039;90,7567215;119,303421;16,56287003
12.19.2022;149,8699951;131,2884064;89,04866791;114,3586655;16,2460289
12.20.2022;137,8000031;131,2189789;89,52812195;116,9658966;16,07711029
12.21.2022;137,5700073;134,3432159;90,14741516;119,6330719;16,49290466
12.22.2022;125,3499985;131,1495361;88,15968323;116,9958649;15,33147717
12.23.2022;123,1500015;130,7825775;89,70791626;117,9148941;15,19854355
12.27.2022;109,0999985;128,9674988;87,83005524;116,7561188;14,11407375
12.28.2022;112,7099991;125,0101242;86,36172485;115,4974594;14,02911758
12.29.2022;121,8199997;128,5509338;88,84889221;120,1325378;14,59583855
12.30.2022;123,1800003;128,8683167;88,62915039;120,2124481;14,60683346
01.03.2023;108,0999985;124,0480423;89,59803772;124,6077881;14,30797958
01.04.2023;113,6399994;125,327507;88,60916901;127,2350082;14,74176598
01.05.2023;110,3399963;123,9984512;86,67137146;126,8054581;14,25800419
01.06.2023;113,0599976;128,5608521;88,05979919;129,8822021;14,85171318
01.09.2023;119,7699966;129,0865326;88,69906616;129,3327789;15,62033558
01.10.2023;118,8499985;129,6617889;89,13856506;132,8490448;15,90119934
01.11.2023;123,2200012;132,3992615;92,15513611;132,7491455;15,99315262
01.12.2023;123,5599976;132,3199005;91,80553436;136,5651093;16,50290298
01.13.2023;122,4000015;133,6588745;92,69451904;136,8348083;16,89071274
01.17.2023;131,4900055;134,8292084;92,05525208;135,2165375;17,69331932
01.18.2023;128,7799988;134,1051941;91,67567444;132,8790131;17,36848068
01.19.2023;127,1699982;134,1647034;93,8032608;136,0056915;16,75677872
01.20.2023;133,4199982;136,7434387;99,1671524;139,2222748;17,8302536
01.23.2023;143,75;139,9569855;101,0949554;143,1181488;19,18358803
01.24.2023;143,8899994;141,365387;99,097229;142,9882813;19,25555038
01.25.2023;144,4299927;140,7008514;96,62005615;141,3500214;19,31352425
01.26.2023;160,2700043;142,7837067;99,04729462;147,1438751;19,79228783
01.27.2023;177,8999939;144,7375946;100,5955276;151,5791779;20,35501289
01.30.2023;166,6600037;141,831543;97,83866119;146,904129;19,15260506
01.31.2023;173,2200012;143,1109772;99,75648499;148,8121033;19,52742004
02.01.2023;181,4100037;144,2416992;101,3147125;152,9577026;20,93273163
02.02.2023;188,2700043;149,5876617;108,6763306;188,569931;21,69835472
02.03.2023;189,9799957;153,2375793;105,1004028;186,3322906;21,08965302
02.06.2023;194,7599945;150,4902039;103,3523941;185,862793;21,07865715
02.07.2023;196,8099976;153,3863525;107,9171982;191,4169006;22,16212845
02.08.2023;201,2899933;150,6786652;99,88633728;183,2355804;22,19410896
02.09.2023;207,3200073;149,6372375;95,35149384;177,7314301;22,32604599
02.10.2023;196,8899994;150,004776;94,75217438;173,9654083;21,25457191
02.13.2023;194,6399994;152,8258972;94,89201355;179,2398224;21,77731514
02.14.2023;209,25;152,180191;94,84207153;179,2897644;22,95973396
02.15.2023;214,2400055;154,2960205;96,98963165;176,972229;22,75283813
02.16.2023;202,0399933;152,6867981;95,67112732;172,2572327;21,99121284
02.17.2023;208,3099976;151,5345306;94,48248291;172,6967773;21,37751007
02.21.2023;197,3699951;147,4915924;91,94537354;171,8976135;20,64487076
02.22.2023;200,8600006;147,9187469;91,69565582;170,9386292;20,74382401
02.23.2023;202,0700073;148,4054718;90,96648407;171,8576508;23,65239525
02.24.2023;196,8800049;145,7333984;89,24843597;170,2094116;23,27457809
02.27.2023;207,6300049;146,9353638;89,99758911;169,3603058;23,48947525
02.28.2023;205,7100067;146,4287415;90,19736481;174,7545929;23,20461273
03.01.2023;202,7700043;144,3427277;90,40711975;173,2361908;22,68687057
03.02.2023;190,8999939;144,938736;92,2050705;174,3450165;23,30256653
03.03.2023;197,7899933;150,0246429;93,91312408;185,0536499;23,87828445
03.06.2023;193,8099976;152,8059998;95,47135925;184,7040253;23,54244995
03.07.2023;187,7100067;150,5908356;94,06295776;184,3144379;23,28053284
03.08.2023;182;151,8523712;94,54241943;184,7739563;24,17324448
03.09.2023;172,9199982;149,5875702;92,55467987;181,4974365;23,42848778
03.10.2023;173,4400024;147,5114899;90,90655518;179,3197327;22,95763397
03.13.2023;174,4799957;149,4683685;91,55581665;180,7082672;22,95863342
03.14.2023;183,2599945;151,5742493;94,14286804;193,8143616;24,0552845
03.15.2023;180,4499969;151,9716034;96,44026184;197,5404053;24,22023201
03.16.2023;184,1300049;154,812561;100,9551163;204,7127838;25,53281212
03.17.2023;180,1300049;153,9682159;102,3435364;195,4026794;25,7167511
03.20.2023;183,25;156,3522339;101,8141403;197,6003418;25,89169502
03.21.2023;197,5800018;158,2197113;105,7196884;201,9457397;26,19059944
03.22.2023;191,1499939;156,7793732;104,1015396;199,5982208;26,45951271
03.23.2023;192,2200012;157,8720245;106,1392212;204,0634918;27,18228149
03.24.2023;190,4100037;159,1832733;105,9394455;205,7916412;26,77041435
03.27.2023;191,8099976;157,2263947;102,9428558;202,6250153;26,52249336
03.28.2023;189,1900024;156,6005707;101,2447891;200,4673004;26,40153503
03.29.2023;193,8800049;159,6998138;101,7841721;205,1323547;26,97534561
03.30.2023;195,2799988;161,2792206;101,204834;207,6197052;27,3742218
03.31.2023;207,4600067;163,8023071;103,8817902;211,7153625;27,76809502
04.03.2023;194,7700043;165,063858;104,7907562;212,8441772;27,9560318
04.04.2023;192,5800018;164,5274658;105,0005188;214,4924164;27,44419861
04.05.2023;185,5200043;162,6699066;104,8307037;211,2558441;26,87238121
04.06.2023;185,0599976;163,5639191;108,7762222;215,8709564;27,02833176
04.10.2023;184,5099945;160,951416;106,8284302;214,5223846;27,570158
04.11.2023;186,7899933;159,729599;105,999382;213,6233521;27,16028976
04.12.2023;180,5399933;159,0342865;105,1004028;213,7731781;26,48650551
04.13.2023;185,8999939;164,4579315;108,0670242;220,1164551;26,45451355
04.14.2023;185;164,1102753;109,3355789;221,255249;26,74942207
04.17.2023;187,0399933;164,1301117;106,2990341;218,6280365;26,99334145
04.18.2023;184,3099976;165,3618774;105,0005188;217,6590576;27,65812874
04.19.2023;180,5899963;166,5141449;104,9006271;215,4713745;27,92204475
04.20.2023;162,9900055;165,5406647;105,7796326;212,8441772;27,09531021
04.21.2023;165,0800018;163,921524;105,7896194;212,6643524;27,11030388
04.24.2023;162,5500031;164,2294464;106,6586227;212,5644531;27,03332901
04.25.2023;160,6699982;162,6798401;104,4910965;207,3300171;26,23258591
04.26.2023;153,75;162,6699066;104,3312759;209,1780548;26,94735527
04.27.2023;160,1900024;167,2889404;108,2468262;238,3071442;27,21726799
04.28.2023;164,3099976;168,5504913;108,0969925;240,0652924;27,74010468
05.01.2023;161,8300018;168,4610901;107,5875702;242,9222412;28,90073013
05.02.2023;160,3099976;167,4180908;105,8595428;238,9864349;28,20095444
05.03.2023;160,6100006;166,3353424;105,999382;236,7787781;27,7930851
05.04.2023;161,1999969;164,6863861;105,0904083;233,2724915;27,55316353
05.05.2023;170,0599976;172,4146271;106,0942688;232,5332794;28,67080498
05.08.2023;171,7899933;172,3450623;108,1169662;233,0227661;29,14165115
05.09.2023;169,1499939;170,6265869;107,8173141;233,1226501;28,56183624
05.10.2023;168,5399933;172,4046783;112,1523743;232,832962;28,87574005
05.11.2023;172,0800018;172,593399;116,767128;235,5400848;28,56883621
05.12.2023;167,9799957;171,658371;117,785965;233,5621796;28,33091354
05.15.2023;166,3500061;171,161026;116,8270569;238,606842;28,94371605
05.16.2023;166,5200043;171,161026;119,9534912;238,5668793;29,20363426
05.17.2023;173,8600006;171,7777405;121,3419189;242,2329865;30,16832352
05.18.2023;176,8899994;174,1252594;123,3795929;246,5883789;31,66784286
05.19.2023;180,1399994;174,2346954;123,1099091;245,3796539;31,25397491
05.22.2023;188,8699951;173,2797394;125,7269287;248,0568085;31,16600418
05.23.2023;185,7700043;170,6537018;123,1498642;246,4784851;30,67815971
05.24.2023;182,8999939;170,9322205;121,5017395;248,9458771;30,52820778
05.25.2023;184,4700012;172,0761566;124,2086563;252,4221802;37,96782303
05.26.2023;193,1699982;174,5032501;125,2874298;261,7622681;38,93350983
05.30.2023;201,1600037;176,3633881;124,4983292;262,2417603;40,09814072
05.31.2023;203,9299927;176,3136292;123,2297745;264,4394226;37,8218689
06.01.2023;207,5200043;179,1386261;124,2286377;272,3210449;39,75724411
06.02.2023;213,9700012;179,9940796;125,0876617;272,3210449;39,31438828
06.05.2023;217,6100006;178,6313324;126,4860611;271,102356;39,15843964
06.06.2023;221,3099976;178,2632904;127,7646103;270,8326416;38,64160538
06.07.2023;224,5700073;176,8806458;122,8002625;263,3206177;37,46685791
06.08.2023;234,8600006;179,6161194;122,5305634;264,2995605;38,50163269
06.09.2023;244,3999939;180,0040283;122,7303391;264,6691895;38,76157761
06.12.2023;249,8300018;182,8190918;124,2086563;270,7626953;39,47342682
06.13.2023;258,7099915;182,341629;124,2885666;271,0324402;41,01309204
06.14.2023;256,7900085;182,9782562;124,2386169;273,0602722;42,98766327
06.15.2023;255,8999939;185,027359;125,6470184;281,5312805;42,64373779
06.16.2023;260,5400085;183,9431152;123,9189835;280,702179;42,68272781
06.20.2023;274,4500122;184,0326385;123,7092209;284,0286255;43,79848099
06.21.2023;259,4599915;182,988205;121,1221695;281,3415222;43,03565216
06.22.2023;264,6099854;186,0121307;123,7292023;284,578064;43,01565552
06.23.2023;256,6000061;185,6938324;122,8801651;288,4239807;42,19983292
06.26.2023;241,0500031;184,2912598;118,954628;278,1748657;40,62317657
06.27.2023;250,2100067;187,0665283;118,8747253;286,7457581;41,86690521
06.28.2023;256,2399902;188,2502441;120,9423752;284,9876404;41,10806656
06.29.2023;257,5;188,5884552;119,8735886;281,2315979;40,81313324
06.30.2023;261,769989;192,9453278;120,8324966;286,6758423;42,29281235
07.03.2023;279,8200073;191,4433136;120,4229584;285,7168274;42,40378571
07.05.2023;282,480011;190,3192596;122,4906082;294,0579834;42,30781174
07.06.2023;276,5400085;190,7967224;120,7925415;291,6805115;42,09385681
07.07.2023;274,4299927;189,6726837;120,0034409;290,2220764;42,49376297
07.10.2023;269,6099854;187,6136322;116,7371597;293,7882996;42,1708374
07.11.2023;269,7900085;187,086441;117,5762024;297,9738464;42,3957901
07.12.2023;271,9899902;188,7675018;119,4840317;309,0121155;43,89246368
07.13.2023;277,8999939;189,5334167;124,6881104;313,0778198;45,96701431
07.14.2023;281,3800049;189,6826477;125,5571213;308,5426331;45,45912552
07.17.2023;290,3800049;192,96521;124,9178467;310,2907715;46,45090866
07.18.2023;293,3399963;192,7065887;123,9389648;311,7192383;47,48368454
07.19.2023;291,2600098;194,0693512;122,6404419;315,6750793;47,06677628
07.20.2023;262,8999939;192,1097565;119,3941345;302,1993408;45,51011276
07.21.2023;260,019989;190,9260406;120,1732483;293,9481201;44,29937363
07.24.2023;269,0599976;191,7317657;121,7414627;291,3009033;44,60231018
07.25.2023;265,2799988;192,5971527;122,6504288;294,1578979;45,66907883
07.26.2023;264,3500061;193,4725037;129,512619;298,2535706;45,44212723
07.27.2023;255,7100067;192,1992798;129,7223816;311,3796082;45,89003372
07.28.2023;266,4400024;194,7955017;132,8588104;325,1350403;46,73984909
07.31.2023;267,4299927;195,4122162;132,9586945;318,2623291;46,71884918
08.01.2023;261,0700073;194,5766602;131,7400818;322,3679504;46,49689865
08.02.2023;254,1100006;191,5626678;128,4937744;313,9768677;44,25938797
08.03.2023;259,3200073;190,1601105;128,623642;312,8580627;44,50533295
08.04.2023;253,8600006;181,0286102;128,3938904;310,4006653;44,67029572
08.07.2023;251,4499969;177,9051971;131,7900391;316,2244873;45,40713501
08.08.2023;249,6999969;178,850174;131,6901398;312,3086548;44,6543045
08.09.2023;242,1900024;177,2486877;130,0020599;304,8865051;42,54475784
08.10.2023;245,3399963;177,0298462;130,0619965;305,4159546;42,37879562
08.11.2023;242,6499939;177,0895996;130,0220337;301,3203125;40,84612656
08.14.2023;239,7599945;178,7530518;131,6801605;305,8654785;43,74349594
08.15.2023;232,9600067;176,750946;130,121933;301,6299744;43,93045425
08.16.2023;225,6000061;175,8744202;128,9632416;293,9780884;43,47655487
08.17.2023;219,2200012;173,3145447;130,3117218;284,7878418;43,3345871
08.18.2023;215,4900055;173,8026276;127,964386;282,9497986;43,28959656
08.21.2023;231,2799988;175,1472778;128,7834473;289,5927429;46,95680237
08.22.2023;233,1900024;176,5318146;129,5425873;287,2951965;45,65807724
08.23.2023;236,8600006;180,4064941;133,0585938;293,9281311;47,10577011
08.24.2023;230,0399933;175,6851654;130,271759;286,4460754;47,15275574
08.25.2023;238,5899963;177,9063873;130,5414581;285,1973877;46,00800323
08.28.2023;238,8200073;179,4801636;131,6401978;289,9523621;46,8248291
08.29.2023;257,1799927;183,3946533;135,3359985;297,6741638;48,77340698
08.30.2023;256,8999939;186,9107666;136,774353;294,7872314;49,25329971
08.31.2023;258,0799866;187,1298828;137,1938782;295,576416;49,34428024
09.01.2023;245,0099945;188,713623;136,6445007;296,0658875;48,49846649
09.05.2023;256,4899902;188,9526825;136,5546112;299,8318787;48,53745651
09.06.2023;251,9199982;182,1894226;135,2161255;298,8529358;47,05465317
09.07.2023;251,4900055;176,8605042;136,0451813;298,3534546;46,2347641
09.08.2023;248,5;177,4780579;137,0440521;297,5742798;45,56585693
09.11.2023;273,5799866;178,6534271;137,5834351;307,2340088;45,17191315
09.12.2023;267,480011;175,605484;135,9153442;301,340271;44,86394882
09.13.2023;271,2999878;173,5237122;137,3437042;304,7366638;45,47887039
09.14.2023;276,0400085;175,0476837;138,832016;311,3896179;45,57485962
09.15.2023;274,3900146;174,3205566;138,142807;299,9916992;43,89408112
09.18.2023;265,2799988;177,2689056;138,802063;302,2293091;43,96007156
09.19.2023;266,5;178,364563;138,6721954;304,7466736;43,51413345
09.20.2023;262,5899963;174,7986603;134,4370117;299,3523865;42,23330688
09.21.2023;255,6999969;173,2447968;131,2106934;295,4165649;41,01147079
09.22.2023;244,8800049;174,1014252;131,1008148;298,7630005;41,60438919
09.25.2023;246,9900055;175,3863525;132,0197601;300,5111389;42,21630859
09.26.2023;244,1199951;171,2825775;129,3028564;298,6431274;41,90534973
09.27.2023;240,5;169,7585907;131,3105774;297,424408;42,46227264
09.28.2023;246,3800049;170,0175781;132,9786835;303,6378174;43,08319092
09.29.2023;250,2200012;170,5355377;131,7001343;299,8918152;43,49313354
10.02.2023;251,6000061;173,065506;135,0163574;306,494812;44,77596283
10.03.2023;246,5299988;171,7208252;133,1484833;300,6210327;43,51113129
10.04.2023;261,1600037;172,9758759;136,1151123;305,2561035;44,03506088
10.05.2023;260,0499878;174,2209625;135,835434;304,46698;44,68197632
10.06.2023;260,5299988;176,7907867;138,5723114;315,0956726;45,75582886
10.09.2023;259,6700134;178,2848816;139,3414307;318,0225525;45,26689529
10.10.2023;263,6199951;177,6872406;139,0417786;321,4988708;45,79182434
10.11.2023;262,9899902;179,0916901;141,5389252;327,4725647;46,79968643
10.12.2023;258,8699951;179,9981079;140,1305237;323,8164368;46,93867111
10.13.2023;251,1199951;178,1454468;138,4224854;314,3564758;45,45486832
10.16.2023;253,9199982;178,0159302;140,3303223;320,8096008;46,08878708
10.17.2023;254,8500061;176,4521179;140,8297424;323,6565857;43,9320755
10.18.2023;242,6799927;175,1472778;139,1216888;316,6340332;42,19031143
10.19.2023;220,1100006;174,7687988;138,8220215;312,4784546;42,09532547
10.20.2023;211,9900055;172,1989441;136,5845795;308,3228455;41,38142014
10.23.2023;212,0800018;172,3184814;137,7432556;313,6771851;42,96920776
10.24.2023;216,5200043;172,7567444;139,9607239;312,2187195;43,65711212
10.25.2023;212,4199982;170,4259644;126,5260162;299,2125244;41,77336502
10.26.2023;205,7599945;166,2325439;123,2996902;288,0443726;40,32056427
10.27.2023;207,3000031;167,5572968;123,2597351;296,4154968;40,49454117
10.30.2023;197,3600006;169,6191406;125,6070633;302,3392029;41,15544891
10.31.2023;200,8399963;170,0972595;125,1575775;300,9506836;40,7745018
11.01.2023;205,6600037;173,2846527;127,4249954;311,5194702;42,31929779
11.02.2023;218,5099945;176,8704681;128,4338531;310,5404968;43,50013351
11.03.2023;219,9600067;175,954071;130,2218018;314,266571;44,9989357
11.06.2023;219,2700043;178,5239258;131,3005829;315,465271;45,74483109
11.07.2023;222,1799927;181,1037292;132,2494965;318,4820862;45,94880676
11.08.2023;222,1100006;182,1695099;133,1085205;319,4410706;46,56772232
11.09.2023;209,9799957;181,691391;131,5403137;320,2102356;46,94367218
11.10.2023;214,6499939;185,9102783;133,9076233;328,4215393;48,32848358
11.13.2023;223,7100067;184,3144989;133,4880981;328,841095;48,61344147
11.14.2023;237,4100037;186,9475555;135,276062;335,9535522;49,64930344
11.15.2023;242,8399963;187,5160522;136,2249908;332,3573608;48,88140869
11.16.2023;233,5899963;189,2116089;138,5423431;333,8357849;49,47333145
11.17.2023;234,3000031;189,1916504;136,7843475;334,684906;49,29135513
11.20.2023;235,6000061;190,9470215;137,7632294;339,6096802;50,40220261
11.21.2023;241,1999969;190,1391602;138,4624329;336,6228638;49,9372673
11.22.2023;234,2100067;190,8073883;139,8608551;341,1280518;48,70943069
11.24.2023;235,4499969;189,4709167;138,0628967;337,871521;47,76956177
11.27.2023;236,0800018;189,2913818;137,8930817;334,3452759;48,23549652
11.28.2023;246,7200012;189,8997803;138,4624329;338,6307068;47,81455231
11.29.2023;244,1399994;188,8724823;136,2449493;331,8479309;48,13351059
11.30.2023;240,0800018;189,4509583;133,7677765;326,8032532;46,76369476
12.01.2023;238,8300018;190,7375793;133,1684723;324,4757385;46,7586937
12.04.2023;235,5800018;188,9323273;130,4815216;319,6808167;45,50386047
12.05.2023;238,7200012;192,91185;132,2395172;317,9526672;46,56381607
12.06.2023;239,3699951;191,8147583;131,2805939;317,1135559;45,50086212
12.07.2023;242,6399994;193,7596283;138,2926331;326,2438354;46,59381485
12.08.2023;243,8399963;195,1958313;136,4846802;332,3973083;47,50377274
12.11.2023;239,7400055;192,6724701;134,5468903;324,9352417;46,62481308
12.12.2023;237,0099945;194,1984711;133,4880981;333,8657532;47,65476608
12.13.2023;239,2899933;197,4399261;133,8177185;334,3851929;48,08574677
12.14.2023;251,0500031;197,5895233;133,0485992;332,8168945;48,34772873
12.15.2023;253,5;197,0509491;133,6878662;334,565033;48,88770676
12.18.2023;252,0800018;195,375351;137,0340576;344,2547302;50,07464981
12.19.2023;257,2200012;196,4226074;137,9430389;349,9886475;49,60167313
12.20.2023;247,1399994;194,3181458;139,5012512;348,90979;48,10874176
12.21.2023;254,5;194,1685181;141,6388245;353,7146912;48,98770523
12.22.2023;252,5399933;193,0913849;142,5577698;353,0154724;48,82771301
12.26.2023;256,6099854;192,5428314;142,6576691;354,4539185;49,27668762
12.27.2023;261,4400024;192,6425476;141,2792358;357,4507141;49,41468048
12.28.2023;253,1799927;193,0714264;141,1194153;357,9402161;49,51967621
12.29.2023;248,4799957;192,0241852;140,7698059;353,5848389;49,51967621
01.02.2024;248,4199982;185,1522827;139,4013672;345,9229736;48,16574097
01.03.2024;238,4499969;183,7659454;140,2004547;344,1048889;47,56676865
01.04.2024;237,9299927;181,4320984;137,8830872;346,7520752;47,99575043
01.05.2024;237,4900055;180,7039948;137,2338409;351,5769958;49,09469604
01.08.2024;240,4499969;185,0724945;140,3702698;358,2798767;52,2505455
01.09.2024;234,9600067;184,653595;142,3979492;357,0511475;53,13750839
01.10.2024;233,9400024;185,7008362;143,6365509;370,0773315;54,34745026
01.11.2024;227,2200012;185,102417;143,5066986;369,2781982;54,81942749
01.12.2024;218,8899994;185,4315491;144,0760498;374,0930786;54,70743179
01.16.2024;219,9100037;183,1475677;143,9162292;367,0705261;56,37935638
01.17.2024;215,5500031;182,200058;142,7275848;367,9795532;56,05037308
01.18.2024;211,8800049;188,1344452;144,8251953;375,7313538;57,10432053
01.19.2024;212,1900024;191,0567322;147,8018036;383,0436096;59,48820877
01.22.2024;208,8000031;193,3806;147,5421143;381,3753662;59,65119934
01.23.2024;209,1399994;194,6672211;148,5110016;384,791748;59,87019348
01.24.2024;207,8300018;193,9889984;150,1791077;390,2859192;61,35911942
01.25.2024;182,6300049;193,6598816;153,4653625;392,7632751;61,61410904
01.26.2024;183,25;191,9144745;153,6151886;393,7222595;61,02813721
01.29.2024;190,9299927;191,2262878;154,6640015;400,5949402;62,46207047
01.30.2024;191,5899963;187,5459747;152,8760376;399,6359863;62,77105331
01.31.2024;187,2899933;183,9155426;141,6388245;389,7265015;61,5241127
02.01.2024;188,8600006;186,3690948;142,5477905;394,3615723;63,02404404
02.02.2024;187,9100037;185,3617401;143,3768311;474,4865417;66,1568985
02.05.2024;181,0599976;187,1869202;144,7652588;458,9230652;69,32875061
02.06.2024;185,1000061;188,8026733;145,2447205;454,2380371;68,21980286
02.07.2024;187,5800018;188,9123993;146,5132599;469,0922852;70,09571075
02.08.2024;189,5599976;187,8252563;147,0526581;469,5018616;69,63773346
02.09.2024;193,5700073;188,5942078;150,0492554;467,6138306;72,12961578
02.12.2024;188,1300049;186,8964996;148,5609436;468,4030151;72,24461365
02.13.2024;184,0200043;184,7893524;146,2036285;459,6323242;72,12461853
02.14.2024;188,7100067;183,9005585;146,9727478;472,7783813;73,89653778
02.15.2024;200,4499969;183,6109619;143,7763977;483,5169678;72,65458679
02.16.2024;199,9499969;182,0630493;141,5988617;472,8183289;72,60959625
02.20.2024;193,7599945;181,3140717;142,0383606;471,25;69,44874573
02.21.2024;194,7700043;182,0730591;143,6764984;468,0299988;67,46883392
02.22.2024;197,4100037;184,1202698;145,1548309;486,1300049;78,53431702
02.23.2024;191,9700012;182,2727814;145,1248474;484,0299988;78,81330109
02.26.2024;199,3999939;180,9146271;138,5922852;481,7399902;79,08829498
02.27.2024;199,7299957;182,3826294;139,9407654;487,0499878;78,69730377
02.28.2024;202,0399933;181,1742554;137,2737885;484,019989;77,65935516
02.29.2024;201,8800049;180,5051727;139,621109;490,1300049;79,10829163
03.01.2024;202,6399994;179,4166565;137,9230499;502,2999878;82,27513885
03.04.2024;188,1399994;174,8628235;134,0474548;498,1900024;85,23300171
03.05.2024;180,7400055;169,8895721;133,6279297;490,2200012;85,96399689
03.06.2024;176,5399933;168,8909149;132,409317;496,0899963;88,69999695
03.07.2024;178,6499939;168,7710876;135,0862885;512,1900024;92,66899872
03.08.2024;175,3399963;170,4987335;136,1350708;505,9500122;87,52799988
03.11.2024;177,7700043;172,5160065;138,782074;483,5899963;85,77400208
03.12.2024;177,5399933;172,9953461;139,4612885;499,75;91,91300201
03.13.2024;169,4799957;170,8982086;140,6100006;495,5700073;90,88800049
03.14.2024;162,5;172,7656708;144,1759338;491,8299866;87,94400024
03.15.2024;163,5700073;172,3861847;142,0083923;484,1000061;87,83699799
03.18.2024;173,8000031;173,4846954;148,3112183;496,980011;88,45500183
03.19.2024;171,3200073;175,8414917;147,7518616;496,2399902;89,39800262
03.20.2024;175,6600037;178,4279938;149,5098572;505,519989;90,37200165
03.21.2024;172,8200073;171,1378784;148,5709381;507,7600098;91,43499756
03.22.2024;170,8300018;172,0466461;151,5974884;509,5799866;94,28900146
03.25.2024;172,6300049;170,6185913;150,9781952;503,019989;95,0019989
03.26.2024;177,6699982;169,4801331;151,5275726;495,8900146;92,56099701
03.27.2024;179,8300018;173,0752411;151,7673035;493,8599854;90,25
03.28.2024;175,7899933;171,2477264;152,0869293;485,5799866;90,35600281
04.01.2024;175,2200012;169,7996979;156,322113;491,3500061;90,36299896
04.02.2024;166,6300049;168,6112976;155,6928253;497,3699951;89,45200348
04.03.2024;168,3800049;169,4201965;156,1922607;506,7399902;88,96399689
04.04.2024;171,1100006;168,5913391;151,7673035;510,9200134;85,90499878
04.05.2024;164,8999939;169,350296;153,7650299;527,3400269;88,00800323
04.08.2024;172,9799957;168,2218323;155,9625244;519,25;87,13300323
04.09.2024;176,8800049;169,4401703;157,9602509;516,9000244;85,35399628
04.10.2024;171,7599945;167,5527344;157,4808044;519,8300171;87,03900146
04.11.2024;174,6000061;174,8029022;160,6072235;523,1599731;90,61599731
04.12.2024;171,0500031;176,3108673;159,0090637;511,8999939;88,18599701
04.15.2024;161,4799957;172,4560852;156,1523132;500,230011;86,00099945
04.16.2024;157,1100006;169,1505737;155,8226776;499,7600098;87,41500092
04.17.2024;155,4499969;167,7724457;156,7016907;494,1700134;84,03500366
04.18.2024;149,9299927;166,813736;157,2810211;501,7999878;84,67099762
04.19.2024;147,0500031;164,7765045;155,5429993;481,0700073;76,19999695
04.22.2024;142,0500031;165,6153564;157,770462;481,730011;79,51799774
04.23.2024;144,6799927;166,6739197;159,7382202;496,1000061;82,42299652
04.24.2024;162,1300049;168,7910614;160,9168854;493,5;79,67700195
04.25.2024;170,1799927;169,6598816;157,770462;441,3800049;82,63200378
04.26.2024;168,2899933;169,0706787;173,492569;443,2900085;87,73500061
04.29.2024;194,0500031;173,2649841;167,7091522;432,6199951;87,75700378
04.30.2024;183,2799988;170,0992889;164,4528656;430,1700134;86,40200043
05.01.2024;179,9900055;169,0706787;165,3818054;439,1900024;83,04100037
05.02.2024;180,0099945;172,7956238;168,2685242;441,6799927;85,81700134
05.03.2024;181,1900024;183,1316071;168,7979279;451,9599915;88,78900146
05.06.2024;184,7599945;181,4638824;169,6369629;465,6799927;92,13999939
05.07.2024;177,8099976;182,1529236;172,783371;468,2399902;90,55400085
05.08.2024;174,7200012;182,4924774;170,9654541;472,6000061;90,41200256
05.09.2024;171,9700012;184,3200073;171,3849792;475,4200134;88,74700165
05.10.2024;168,4700012;183,0500031;170,0964355;476,2000122;89,87799835
05.13.2024;171,8899994;186,2799988;170,7057343;468,0100098;90,39900208
05.14.2024;177,5500031;187,4299927;171,7345734;471,8500061;91,35600281
05.15.2024;173,9900055;189,7200012;173,6823578;481,5400085;94,62999725
05.16.2024;174,8399963;189,8399963;175,2305908;473,230011;94,35900116
05.17.2024;177,4600067;189,8699951;177,0884705;471,9100037;92,47899628
05.20.2024;174,9499969;191,0399933;178,2571564;468,8399963;94,77999878
05.21.2024;186,6000061;192,3500061;179,3359222;464,6300049;95,38600159
05.22.2024;180,1100006;190,8999939;177,7976685;467,7799988;94,94999695
05.23.2024;173,7400055;186,8800049;174,8610077;465,7799988;103,7990036
05.24.2024;179,2400055;189,9799957;176,1295776;478,2200012;106,4690018
05.28.2024;176,75;189,9900055;177,8176575;479,9200134;113,901001
05.29.2024;176,1900024;190,2899933;177,198349;474,3599854;114,8249969
05.30.2024;178,7899933;191,2899933;173,3627167;467,0499878;110,5
05.31.2024;178,0800018;192,25;173,7622681;466,8299866;109,6330032
06.03.2024;176,2899933;194,0299988;174,2217407;477,4899902;115
06.04.2024;174,7700043;194,3500061;174,9309387;476,9899902;116,4369965
06.05.2024;175;195,8699951;176,8687439;495,0599976;122,4400024
06.06.2024;177,9400024;194,4799957;178,1472778;493,7600098;120,9980011
06.07.2024;177,4799957;196,8899994;175,75;492,9599915;120,8880005
06.10.2024;173,7899933;193,1199951;176,6300049;502,6000061;121,7900009
06.11.2024;170,6600037;207,1499939;178,1900024;507,4700012;120,9100037
